Title,Date
"Infiesto","8/6/26"
"Les Couleurs du mal : Noir","8/6/26"
"GIGN: Épisode 6","8/5/26"
"GIGN: Épisode 5","8/5/26"
"GIGN: Épisode 4","8/5/26"
"GIGN: Épisode 3","8/4/26"
"GIGN: Épisode 2","8/3/26"
"GIGN: Épisode 1","8/3/26"
"Paulette","8/2/26"
"Peur primale","7/12/26"
"Reptile","7/12/26"
"The Killer","7/12/26"
"Beckett","7/11/26"
"Luther : Soleil déchu","7/11/26"
"The Handmaid's Tale : La Servante écarlate: Saison 3: Épisode 5","7/10/26"
"The Handmaid's Tale : La Servante écarlate: Saison 3: Épisode 4","7/10/26"
"The Handmaid's Tale : La Servante écarlate: Saison 3: Épisode 3","7/9/26"
"The Handmaid's Tale : La Servante écarlate: Saison 3: Épisode 2","7/6/26"
"The Handmaid's Tale : La Servante écarlate: Saison 3: Épisode 1","7/5/26"
"The Handmaid's Tale : La Servante écarlate: Saison 1: Épisode 1","7/5/26"
"The Handmaid's Tale : La Servante écarlate: Saison 2: Épisode 5","7/5/26"
"Sur tes traces: Mini-série: Épisode 8","6/27/26"
"Sur tes traces: Mini-série: Épisode 7","6/27/26"
"Sur tes traces: Mini-série: Épisode 6","6/27/26"
"Sur tes traces: Mini-série: Épisode 5","6/26/26"
"Sur tes traces: Mini-série: Épisode 4","6/26/26"
"Sur tes traces: Mini-série: Épisode 3","6/25/26"
"Sur tes traces: Mini-série: Épisode 2","6/24/26"
"Sur tes traces: Mini-série: Épisode 1","6/23/26"
"Les Meurtres zen: Saison 2: Le doute","6/22/26"
"Les Meurtres zen: Saison 2: L'erreur","6/22/26"
"Les Meurtres zen: Saison 2: La Connaissance","6/12/26"
"Sous ses yeux: Mini-série: Épisode 3","6/10/26"
"Sous ses yeux: Mini-série: Épisode 2","6/9/26"
"Sous ses yeux: Mini-série: Épisode 1","6/8/26"
"Les Meurtres zen: Saison 2: La Créativité","6/3/26"
"Les Meurtres zen: Saison 2: Les Parents","6/2/26"
"Les Meurtres zen: Saison 2: La Réalité","6/1/26"
"Les Meurtres zen: Saison 2: Les Vacances","5/29/26"
"De Belfast au paradis ?: Anagnorisis","5/25/26"
"De Belfast au paradis ?: Hors-la-loi, menteuses et anges déchus","5/25/26"
"De Belfast au paradis ?: Uniques mais inséparables","5/25/26"
"De Belfast au paradis ?: La boîte","5/25/26"
"De Belfast au paradis ?: La fille de Sagres","5/24/26"
"De Belfast au paradis ?: Le fantôme","5/24/26"
"De Belfast au paradis ?: Le secret","5/24/26"
"De Belfast au paradis ?: La veillée funèbre","5/22/26"
"Unchosen: Épisode 1","5/22/26"
"SAS: Rise of the Black Swan","5/20/26"
"180","5/19/26"
"Lou","5/17/26"
"Legends: Les légendes ne meurent jamais","5/14/26"
"Legends: Rois déchus","5/13/26"
"Legends: La guerre contre la drogue","5/12/26"
"Legends: On est à Liverpool","5/10/26"
"Legends: Alliance","5/10/26"
"Legends: Avez-vous mieux à offrir ?","5/10/26"
"La Fine Fleur","5/8/26"
"The Asset: Saison 1: C'est quoi déjà ton vrai nom ?","5/8/26"
"The Asset: Saison 1: Au fond du problème","5/8/26"
"The Asset: Saison 1: Nulle part où fuir","5/7/26"
"The Asset: Saison 1: Fête mortelle","5/7/26"
"The Asset: Saison 1: De retour de Dubaï","5/7/26"
"The Asset: Saison 1: Construire une légende","5/6/26"
"Et pour le pire ?: Mini-série: Épisode 1","5/5/26"
"Deux tombes: Mini-série: Partie III","5/4/26"
"Deux tombes: Mini-série: Partie II","5/4/26"
"Deux tombes: Mini-série: Partie I","5/3/26"
"Recalé: Révolté","5/2/26"
"Unfamiliar: Toujours en vie","5/2/26"
"Unfamiliar: L'Étoile de mer","5/2/26"
"Unfamiliar: Qu'est-ce qu'on a fait ?","5/2/26"
"Unfamiliar: La Biélorussie","5/1/26"
"Unfamiliar: La vérité tardive","5/1/26"
"Unfamiliar: Seize ans","4/28/26"
"Le Sens de la fête","4/25/26"
"Recalé: Débarqué","4/25/26"
"Apex","4/24/26"
"Recalé: Piraté","4/23/26"
"Recalé: Infiltré","4/23/26"
"Quicksand - Rien de plus grand: Mini-série: Les témoins","4/23/26"
"Quicksand - Rien de plus grand: Mini-série: Le procès","4/22/26"
"Quicksand - Rien de plus grand: Mini-série: La reconstitution","4/22/26"
"Quicksand - Rien de plus grand: Mini-série: L'enterrement","4/21/26"
"Quicksand - Rien de plus grand: Mini-série: La détention","4/21/26"
"Quicksand - Rien de plus grand: Mini-série: Maja","4/20/26"
"The Rip","4/20/26"
"Mange, prie, aboie","4/19/26"
"Un ours dans le Jura","4/13/26"
"East of Sweden","4/12/26"
"Harry Hole: Le piano de Duke Ellington","4/12/26"
"Harry Hole: La femme dans l’eau","4/12/26"
"Harry Hole: La bénédiction de Joseph","4/12/26"
"Harry Hole: Cinq","4/12/26"
"Harry Hole: L'Étoile du diable","4/12/26"
"Harry Hole: Après leur mort, mais avant qu'ils ne soient froids","4/11/26"
"Harry Hole: Pour faire taire les voix","4/9/26"
"Harry Hole: Les fantômes","4/7/26"
"Harry Hole: 36 secondes","4/7/26"
"Loups-Garous","3/22/26"
" ","3/16/26"
"Les Sept Cadrans d'Agatha Christie: Que la Bataille commence","3/13/26"
"Les Sept Cadrans d'Agatha Christie: Un Amour de Bundle","3/13/26"
"Les Lionnes: Danse avec les lionnes","3/13/26"
"Les Lionnes: A bout de soufflette","3/13/26"
"Les Lionnes: Mission quasi impossible","3/12/26"
"Les Lionnes: 30 secondes chrono","3/12/26"
"Les Lionnes: 30 millions d’amis","3/12/26"
"Les Lionnes: Comme le nez au milieu de la figure","3/11/26"
"Les Lionnes: Les armes fatales","3/11/26"
"Les Lionnes: Une coquette somme","3/11/26"
"The Boyfriend: Saison 1: Je voudrais que ça dure toujours","2/8/26"
"Monsieur Aznavour","2/4/26"
"Mr. Mercedes: Saison 3: D'amour et de haine","1/31/26"
"Mr. Mercedes: Saison 3: Folie","1/28/26"
"Mr. Mercedes: Saison 3: Comme dans un roman policier","1/27/26"
"Mr. Mercedes: Saison 2: Fondu au bleu","1/26/26"
"Mr. Mercedes: Saison 2: Marche comme un homme","1/25/26"
"Mr. Mercedes: Saison 2: Personne ne met Brady à Crestmore","1/25/26"
"Mr. Mercedes: Saison 2: Des jours sombres","1/22/26"
"Mr. Mercedes: Saison 2: Proximité","1/22/26"
"Mr. Mercedes: Saison 2: Andale","1/19/26"
"Mr. Mercedes: Saison 2: Carte mère","1/18/26"
"Mr. Mercedes: Saison 2: Tu peux rentrer chez toi maintenant","1/18/26"
"100% Cachemire","1/17/26"
"Mr. Mercedes: Saison 2: Allons nous promener","1/16/26"
"Mr. Mercedes: Saison 2: Tu m'as manqué","1/15/26"
"Mr. Mercedes: Saison 1: Cui cui, les poulets sont cuits","1/15/26"
"Mr. Mercedes: Saison 1: Le marchand de glace","1/14/26"
"Mr. Mercedes: Saison 1: Dans ses cendres","1/13/26"
"Mr. Mercedes: Saison 1: Willow Lake","1/13/26"
"Mr. Mercedes: Saison 1: Des gens sous la pluie","1/12/26"
"Mr. Mercedes: Saison 1: Insomnie","1/12/26"
"Mr. Mercedes: Saison 1: Quand les dieux chutent","1/11/26"
"Mr. Mercedes: Saison 1: Sous le parapluie bleu","1/11/26"
"Mr. Mercedes: Saison 1: À vos marques","1/11/26"
"Mr. Mercedes: Saison 1: Pilote","1/11/26"
"Kaleidoscope: Mini-série: Noir","1/11/26"
"Juste un regard: Mini-série: Épisode 1","1/11/26"
"Sans un mot: Mini-série: Épisode 1","1/11/26"
"Ne t'enfuis plus: Mini-série: Ça restera entre nous","1/9/26"
"Ne t'enfuis plus: Mini-série: Les Portes du destin","1/9/26"
"Ne t'enfuis plus: Mini-série: L'Homme que je connaissais","1/9/26"
"Ne t'enfuis plus: Mini-série: Que la Vérité rayonne à jamais","1/8/26"
"Ne t'enfuis plus: Mini-série: Une autre époque","1/7/26"
"Ne t'enfuis plus: Mini-série: Point de rupture","1/7/26"
"Ne t'enfuis plus: Mini-série: Un tatou en attendant","1/6/26"
"Ne t'enfuis plus: Mini-série: Voir, c'est croire","1/6/26"
"Numéro inconnu : Textos toxiques au lycée","1/4/26"
"Insomnia","12/29/25"
"The Beast in Me: Mini-série: Le dernier mot","12/28/25"
"The Beast in Me: Mini-série: Fantômes","12/28/25"
"The Beast in Me: Mini-série: La Bête et moi","12/28/25"
"The Beast in Me: Mini-série: Bacchanale","12/28/25"
"The Beast in Me: Mini-série: Thanatos","12/28/25"
"The Beast in Me: Mini-série: L'éléphant dans la pièce","12/28/25"
"Monstre : L'histoire d'Ed Gein: Le Modèle","12/28/25"
"Monstre : L'histoire d'Ed Gein: Radioamateur","12/28/25"
"Monstre : L'histoire d'Ed Gein: Dinde dodue","12/28/25"
"The Beast in Me: Mini-série: Échapper à la solitude","12/27/25"
"The Beast in Me: Mini-série: Mal de chien","12/27/25"
"Monstre : L'histoire d'Ed Gein: Glace","12/21/25"
"L'Héritage","12/18/25"
"À couteaux tirés","12/14/25"
"Monstre : L'histoire d'Ed Gein: Vert","12/14/25"
"Frankenstein","12/14/25"
"Wake Up Dead Man : Une histoire à couteaux tirés","12/13/25"
"Black Rabbit: Mini-série: Les Black Rabbits","12/10/25"
"Black Rabbit: Mini-série: Le cyclone","12/10/25"
"Troll 2","12/10/25"
"Monstre : L'histoire d'Ed Gein: La baby-sitter","12/8/25"
"Le Pire voisin au monde","12/7/25"
"Troll","12/4/25"
"Monstre : L'histoire d'Ed Gein: Secrets toxiques","11/30/25"
"Monstre : L'histoire d'Ed Gein: Mère !","11/30/25"
"In the Shadow of the Moon","11/22/25"
"Bastille Day","11/12/25"
"Boots: Dans le mille","11/12/25"
"Bastion 36","11/11/25"
"Boots: Le grand bain","11/7/25"
"Boots: Mise en confiance","11/7/25"
"Boots: Se serrer les coudes","11/7/25"
"Boots: The Pink Marine","11/7/25"
"A HOUSE OF DYNAMITE","10/29/25"
"La Diplomate: Saison 3: L'épouse de Schrödinger","10/27/25"
"La Diplomate: Saison 3: Persona non grata","10/27/25"
"La Diplomate: Saison 3: Amagansett","10/26/25"
"La Diplomate: Saison 3: À l'affût","10/26/25"
"La Diplomate: Saison 3: Arden","10/26/25"
"La Diplomate: Saison 3: Funérailles présidentielles","10/26/25"
"La Diplomate: Saison 3: La dernière danse","10/24/25"
"La Diplomate: Saison 3: L'empereur est mort","10/24/25"
"Colère divine","10/16/25"
"La Disparue de la cabine 10","10/14/25"
"1992: Les yeux rivés sur l'abîme","10/4/25"
"1992: Séville, c'est le paradis rêvé","10/4/25"
"1992: L'Espagne qu'ils nous ont léguée","10/4/25"
"1992: Tu te souviens de Curro ?","10/4/25"
"Alice in Borderland: Saison 3: Épisode 1","9/30/25"
"El refugio atómico: La vérité est surfaite","9/28/25"
"El refugio atómico: Le paradoxe du millionnaire","9/28/25"
"El refugio atómico: Je déteste les riches","9/26/25"
"Ma reum","9/26/25"
"El refugio atómico: Une arnaque à grande échelle","9/25/25"
"El refugio atómico: Revenu de l'enfer","9/24/25"
"La Revanche des Crevettes pailletées","9/17/25"
"Barracuda Queens: Saison 2: À un cheveu","9/14/25"
"Barracuda Queens: Saison 2: J'ai drogué Niklas","9/14/25"
"Barracuda Queens: Saison 2: Ils ont pris notre tableau !","9/14/25"
"Barracuda Queens: Saison 2: J'en ai marre d'être pauvre","9/14/25"
"Barracuda Queens: Saison 2: On pourra jamais payer l'appartement","9/12/25"
"Barracuda Queens: Saison 2: Je peux pas rester dans cette maison de fous","9/12/25"
"Barracuda Queens: Saison 1: Vous aimez le champagne ?","9/11/25"
"Barracuda Queens: Saison 1: Tu ne me fais pas peur","9/11/25"
"Barracuda Queens: Saison 1: Qu'on ne s'engueule plus jamais","9/11/25"
"Barracuda Queens: Saison 1: Je veux ma part","9/11/25"
"Barracuda Queens: Saison 1: Tu es une fille, c'est différent","9/10/25"
"Barracuda Queens: Saison 1: Je suis désolée pour Båstad","9/10/25"
"Le Murder Club du jeudi","9/7/25"
"Relève-toi !: Épisode 1","9/1/25"
" ","8/29/25"
"Hostage: Mini-série: Épisode 5","8/27/25"
"Hostage: Mini-série: Épisode 4","8/26/25"
"Hostage: Mini-série: Épisode 3","8/26/25"
"Hostage: Mini-série: Épisode 2","8/24/25"
"Hostage: Mini-série: Épisode 1","8/24/25"
"L'Éternaute: Jugo de tomate frío","8/23/25"
"L'Éternaute: Horizon","8/22/25"
"L'Éternaute: Credo","8/22/25"
"L'Éternaute: Magnétisme","8/21/25"
"L'Éternaute: Prenez le soleil","8/20/25"
"L'Éternaute: Truco nocturne","8/20/25"
"Veuve noire","8/14/25"
"Squid Game: Saison 3: Les êtres humains sont…","8/12/25"
"Squid Game: Saison 3: ○△□","8/12/25"
"Squid Game: Saison 3: 222","8/11/25"
"Squid Game: Saison 3: Ce n'est pas ta faute","8/10/25"
"Squid Game: Saison 3: Nuit étoilée","8/9/25"
"Squid Game: Saison 3: Clés et poignards","8/9/25"
"Brick","7/15/25"
"Chaos d'anthologie : La croisière ne s'amuse plus","7/14/25"
"La Résidence: Le Mystère de la chambre jaune","7/7/25"
"La Résidence: Le Pouce de l'ingénieur","7/3/25"
"La Résidence: Le Troisième Homme","6/30/25"
"La Résidence: Mais qui a tué Harry ?","6/29/25"
"La Résidence: Les Invitations dangereuses","6/28/25"
"La Résidence: À couteaux tirés","6/27/25"
"La Résidence: Le crime était presque parfait","6/26/25"
"La Résidence: La Chute de la maison Usher","6/26/25"
"Secrets We Keep: Mini-série: Épisode 6","6/23/25"
"Secrets We Keep: Mini-série: Épisode 5","6/23/25"
"La Palma: Mini-série: Crier au loup","6/23/25"
"Secrets We Keep: Mini-série: Épisode 4","6/22/25"
"Secrets We Keep: Mini-série: Épisode 3","6/22/25"
"Secrets We Keep: Mini-série: Épisode 2","6/21/25"
"Secrets We Keep: Mini-série: Épisode 1","6/20/25"
"Faute de preuves: On ne peut pas faire de mal aux morts","6/13/25"
"Faute de preuves: Nous vivons dans les ténèbres","6/13/25"
"Les Dossiers oubliés: Saison 1: Épisode 9","6/11/25"
"Les Dossiers oubliés: Saison 1: Épisode 8","6/9/25"
"Les Dossiers oubliés: Saison 1: Épisode 7","6/8/25"
"Les Dossiers oubliés: Saison 1: Épisode 6","6/8/25"
"Les Dossiers oubliés: Saison 1: Épisode 5","6/8/25"
"Les Dossiers oubliés: Saison 1: Épisode 4","6/7/25"
"Les Dossiers oubliés: Saison 1: Épisode 3","6/5/25"
"Les Dossiers oubliés: Saison 1: Épisode 2","6/5/25"
"Les Dossiers oubliés: Saison 1: Épisode 1","6/4/25"
"Fred et Rose West : Un cauchemar britannique: Mini-série: Le procès","5/25/25"
"Fred et Rose West : Un cauchemar britannique: Mini-série: Rose","5/25/25"
"Fred et Rose West : Un cauchemar britannique: Mini-série: Fred","5/24/25"
"Black Mirror: Saison 7: USS Callister : Au cœur d'Infinity","5/11/25"
"iHostage","5/11/25"
"Black Mirror: Saison 7: Eulogie","5/9/25"
"Black Mirror: Saison 7: De simples jouets","5/9/25"
"Black Mirror: Saison 7: Hôtel Rêverie","5/8/25"
"Bullet Train Explosion","5/7/25"
"Astérix & Obélix : Le Combat des Chefs: Mini-série: Épisode V","5/6/25"
"Astérix & Obélix : Le Combat des Chefs: Mini-série: Épisode IV","5/6/25"
"Astérix & Obélix : Le Combat des Chefs: Mini-série: Épisode III","5/5/25"
"Astérix & Obélix : Le Combat des Chefs: Mini-série: Épisode II","5/5/25"
"Astérix & Obélix : Le Combat des Chefs: Mini-série: Épisode I","5/5/25"
"Black Mirror: Saison 7: Bête Noire","4/28/25"
"13 Commandements: Épisode 13","4/25/25"
"13 Commandements: Épisode 12","4/24/25"
"13 Commandements: Épisode 11","4/24/25"
"13 Commandements: Épisode 10","4/23/25"
"13 Commandements: Épisode 9","4/23/25"
"13 Commandements: Épisode 8","4/22/25"
"13 Commandements: Épisode 7","4/22/25"
"13 Commandements: Épisode 6","4/21/25"
"The Batman","4/21/25"
"13 Commandements: Épisode 5","4/16/25"
"13 Commandements: Épisode 4","4/16/25"
"13 Commandements: Épisode 3","4/15/25"
"13 Commandements: Épisode 2","4/15/25"
"13 Commandements: Épisode 1","4/14/25"
"Black Mirror: Saison 7: Des gens ordinaires","4/12/25"
"De rockstar à tueur : Le cas Cantat: Mini-série: La malédiction Cantat ?","4/5/25"
"De rockstar à tueur : Le cas Cantat: Mini-série: Une Passion meurtrière ?","4/5/25"
"De rockstar à tueur : Le cas Cantat: Mini-série: Un Accident ?","4/5/25"
"Cassandra: Mini-série: Joyeux Noël","4/4/25"
"Cassandra: Mini-série: Ne me laisse pas","4/3/25"
"Cassandra: Mini-série: Un jeu d'enfants","4/3/25"
"Cassandra: Mini-série: Match final","4/2/25"
"Cassandra: Mini-série: Qui suis-je ?","4/2/25"
"Cassandra: Mini-série: Un nouveau départ","3/26/25"
"Zero Day: Mini-série: Épisode 6","3/25/25"
"Zero Day: Mini-série: Épisode 5","3/24/25"
"Zero Day: Mini-série: Épisode 4","3/23/25"
"Zero Day: Mini-série: Épisode 3","3/23/25"
"Zero Day: Mini-série: Épisode 2","3/23/25"
"Zero Day: Mini-série: Épisode 1","3/23/25"
"Vengeances: Saison 2: Prisonniers","3/22/25"
"Vengeances: Saison 2: Donnant-donnant","3/22/25"
"Vengeances: Saison 2: 4EVER","3/20/25"
"Vengeances: Saison 2: Sur le fil du rasoir","3/20/25"
"Vengeances: Saison 2: Dans les limbes","3/20/25"
"Vengeances: Saison 2: Un emballage plastique","3/19/25"
"Vengeances: Saison 1: Au royaume des morts","3/19/25"
"Adolescence: Mini-série: Épisode 4","3/18/25"
"Adolescence: Mini-série: Épisode 3","3/17/25"
"Chien de la Casse","3/17/25"
"Adolescence: Mini-série: Épisode 2","3/16/25"
"Adolescence: Mini-série: Épisode 1","3/16/25"
"Sleeping Dog: Mini-série: Confessions","3/16/25"
"Le Chant du Loup","3/16/25"
"Super Mâles: Mâles au cœur","3/16/25"
"Fauda: Saison 3: Épisode 12","3/13/25"
"Fauda: Saison 3: Épisode 11","3/12/25"
"Fauda: Saison 3: Épisode 10","3/12/25"
"Fauda: Saison 3: Épisode 9","3/11/25"
"Fauda: Saison 3: Épisode 8","3/11/25"
"Fauda: Saison 3: Épisode 7","3/11/25"
"Fauda: Saison 3: Épisode 6","3/10/25"
"Inside Man","3/9/25"
"Super Mâles: Mâles barrés","3/9/25"
"Super Mâles: Mâles des cavernes","3/9/25"
"Super Mâles: Mâles en pis","3/9/25"
"Super Mâles: Mâles entendus","3/9/25"
"Super Mâles: On est mâles","3/9/25"
"Fauda: Saison 3: Épisode 5","3/5/25"
"Fauda: Saison 3: Épisode 4","3/5/25"
"Fauda: Saison 3: Épisode 3","3/5/25"
"Fauda: Saison 3: Épisode 2","3/4/25"
"Fauda: Saison 3: Épisode 1","3/4/25"
"Fauda: Saison 2: Épisode 12","3/3/25"
"Fauda: Saison 2: Épisode 11","3/2/25"
"Fauda: Saison 2: Épisode 10","3/1/25"
"Fauda: Saison 2: Épisode 9","3/1/25"
"Fauda: Saison 2: Épisode 8","3/1/25"
"Fauda: Saison 2: Épisode 7","3/1/25"
"Fauda: Saison 2: Épisode 6","2/28/25"
"Fauda: Saison 2: Épisode 5","2/27/25"
"Fauda: Saison 2: Épisode 4","2/27/25"
"Fauda: Saison 2: Épisode 3","2/27/25"
"Fauda: Saison 2: Épisode 2","2/26/25"
"American Murder: Gabby Petito: À brûler, une fois lue","2/23/25"
"American Murder: Gabby Petito: Où est Gabby ?","2/22/25"
"American Murder: Gabby Petito: On a acheté un van","2/22/25"
"Heartstopper: Saison 1: Rencontre","2/22/25"
"House of Cards: Saison 1: Chapitre 1","2/19/25"
" ","2/16/25"
"Meurtres à Åre: Saison 1: Les ombres de la vallée : Partie 2","2/14/25"
"Meurtres à Åre: Saison 1: Les ombres de la vallée : Partie 1","2/14/25"
"Meurtres à Åre: Saison 1: Une écharpe dans la neige : Partie 3","2/14/25"
"Meurtres à Åre: Saison 1: Une écharpe dans la neige : Partie 2","2/13/25"
"Meurtres à Åre: Saison 1: Une écharpe dans la neige : Partie 1","2/13/25"
"Fauda: Saison 1: Épisode 12","2/2/25"
"Fauda: Saison 2: Épisode 1","2/2/25"
"Fauda: Saison 1: Épisode 11","1/31/25"
"Fauda: Saison 1: Épisode 10","1/31/25"
"Fauda: Saison 1: Épisode 9","1/31/25"
"Fauda: Saison 1: Épisode 8","1/30/25"
"Fauda: Saison 1: Épisode 7","1/30/25"
"Fauda: Saison 1: Épisode 6","1/29/25"
"Fauda: Saison 1: Épisode 5","1/29/25"
"Fauda: Saison 1: Épisode 4","1/29/25"
"Fauda: Saison 1: Épisode 3","1/28/25"
"Fauda: Saison 1: Épisode 2","1/26/25"
"Fauda: Saison 1: Épisode 1","1/26/25"
"Mytho: Épisode 1","1/26/25"
"Departure: Saison 2: Le deuxième homme","1/24/25"
"Departure: Saison 2: Confrontations","1/24/25"
"Departure: Saison 2: Règlements de comptes","1/24/25"
"Departure: Saison 2: Situation périlleuse","1/23/25"
"Departure: Saison 2: Fugitif","1/22/25"
"Departure: Saison 2: Collision à grande vitesse","1/22/25"
"Departure: MOSIS","1/22/25"
"Departure: Faux amis","1/21/25"
"Departure: Sabotage","1/21/25"
"Departure: Suspect n° 1","1/20/25"
"Departure: Miraculée","1/19/25"
"Departure: Disparu","1/19/25"
"La Défense Lincoln: Saison 2: Accords et stipulations","1/17/25"
"La Défense Lincoln: Saison 2: À qui profite…","1/17/25"
"La Défense Lincoln: Saison 2: Retrait","1/17/25"
"La Défense Lincoln: Saison 2: Des esprits suspicieux","1/17/25"
"House of Cards: Saison 6: Chapitre 66","1/14/25"
"Le Crime à la racine: Mini-série: Quelqu'un de très seul","1/12/25"
"Le Crime à la racine: Mini-série: Arbre généalogique","1/12/25"
"Le Crime à la racine: Mini-série: Explorer toutes les pistes","1/12/25"
"Le Crime à la racine: Mini-série: L'impensable","1/11/25"
"Ad Vitam","1/10/25"
"Tu me manques: Mini-série: Réaction en chaîne","1/9/25"
"Tu me manques: Mini-série: Surtout ne m'oublie pas","1/9/25"
"Tu me manques: Mini-série: Jamais trop","1/7/25"
"Tu me manques: Mini-série: Avec ou sans toi","1/7/25"
"Tu me manques: Mini-série: Jusqu'au dernier souffle","1/6/25"
"La Guerre selon Churchill: La tempête s'annonce","1/4/25"
"La Diplomate: Saison 2: La classe Dreadnought","1/4/25"
"La Diplomate: Saison 2: Notre-Dame de l'Immaculée Déception","1/4/25"
"Squid Game: Saison 2: Amis ou ennemis","1/2/25"
"Squid Game: Saison 2: O ﻿ X","1/2/25"
"Squid Game: Saison 2: Un jeu de plus","1/2/25"
"Squid Game: Saison 2: Six jambes","1/2/25"
"Squid Game: Saison 2: 001","1/1/25"
"Squid Game: Saison 2: La fête d'Halloween","1/1/25"
"Squid Game: Saison 2: Du pain et des jeux de hasard","12/30/24"
"Squid Game: Saison 1: Un, deux, trois, soleil","12/30/24"
"La Diplomate: Saison 2: L'autre armée","12/18/24"
"La Diplomate: Saison 2: Les ides de mars","12/17/24"
"The Madness: Mini-série: Fini la folie","12/16/24"
"The Madness: Mini-série: ADN","12/16/24"
"The Madness: Mini-série: Loco","12/16/24"
"The Madness: Mini-série: Icare","12/15/24"
"The Madness: Mini-série: Radioactif","12/15/24"
"The Madness: Mini-série: Dissonance","12/15/24"
"The Madness: Mini-série: Djibouti","12/15/24"
"The Madness: Mini-série: Pilote","12/15/24"
"Black Doves: À l'amour, alors","12/15/24"
"Black Doves: Dans le froid de l'hiver","12/15/24"
"Black Doves: Le prix à payer","12/15/24"
"Black Doves: Ça va faire du bruit !","12/12/24"
"Black Doves: La nuit qui tombe","12/11/24"
"Black Doves: Une petite colombe noire","12/9/24"
"Le Collectionneur","11/17/24"
"Anthracite: Le mystère de la secte des Écrins: L'équilibre du monde","11/14/24"
"Anthracite: Le mystère de la secte des Écrins: Une ombre plus noire encore","11/14/24"
"Anthracite: Le mystère de la secte des Écrins: Levia Borelis","11/14/24"
"Anthracite: Le mystère de la secte des Écrins: Tu ne peux faire confiance à personne","11/13/24"
"Anthracite: Le mystère de la secte des Écrins: Le 13e disciple","11/13/24"
"Anthracite: Le mystère de la secte des Écrins: Les flammes brûlent encore","11/11/24"
"Don't Move","11/10/24"
"La Diplomate: Saison 2: Saint-Paul","11/9/24"
"La Diplomate: Saison 2: Appel inconnu","11/9/24"
"Nous voulons tous être sauvés: Saison 1: Mardi","11/7/24"
"Le Téléphone de M. Harrigan","11/7/24"
"Les Meurtres zen: Saison 1: La mort","11/6/24"
"Les Meurtres zen: Saison 1: La colère","11/6/24"
"Les Meurtres zen: Saison 1: Le brainstorming","11/6/24"
"Les Meurtres zen: Saison 1: La crise de panique","11/6/24"
"Les Meurtres zen: Saison 1: L'impertinence","11/4/24"
"Les Meurtres zen: Saison 1: La peur","11/4/24"
"Les Meurtres zen: Saison 1: Le bonheur","11/3/24"
"Les Meurtres zen: Saison 1: Respirer","11/3/24"
"Fall","11/3/24"
"Get Out","11/3/24"
"Annihilation","11/2/24"
"Séminaire","11/2/24"
"Que souffle la romance","11/2/24"
"Yannick","11/2/24"
"El secreto del río: Mille nuances d'amour","11/1/24"
"El secreto del río: Ensemble, à nouveau","10/31/24"
"The Weekend Away","10/30/24"
"L'Art du mensonge","10/30/24"
"El secreto del río: Dilemme","10/30/24"
"El secreto del río: Sicarú","10/30/24"
"El secreto del río: Ensemble, toujours","10/29/24"
"El secreto del río: Le mensonge vital","10/29/24"
"La Défense Lincoln: Saison 2: Tant de boîtes","10/29/24"
"El secreto del río: N'en parle à personne","10/22/24"
"El secreto del río: Le secret","10/22/24"
"Nous voulons tous être sauvés: Saison 1: Lundi","10/19/24"
"La Défense Lincoln: Saison 2: Conflits d'intérêts","10/17/24"
"L'amour presque parfait: Episode 1","10/13/24"
"Heartstopper: Saison 3: Sans l'autre","10/13/24"
"Heartstopper: Saison 3: Ensemble","10/13/24"
"Heartstopper: Saison 3: Corps","10/13/24"
"Heartstopper: Saison 3: Hiver","10/13/24"
"Heartstopper: Saison 3: Parcours","10/13/24"
"Heartstopper: Saison 3: Parole","10/12/24"
"Heartstopper: Saison 3: Foyer","10/12/24"
"Heartstopper: Saison 3: Amour","10/12/24"
"Nous voulons tous être sauvés: Saison 1: Dimanche","9/29/24"
"Destin : La saga Winx: Saison 1: Vers les bois et les eaux sauvages","9/29/24"
"Will & Harper","9/28/24"
"Monstres : L'histoire de Lyle et Erik Menendez: The Lyle and Erik Menendez Story: Pendus","9/24/24"
"Monstres : L'histoire de Lyle et Erik Menendez: The Lyle and Erik Menendez Story: Tremblements de terre","9/24/24"
"Monstres : L'histoire de Lyle et Erik Menendez: The Lyle and Erik Menendez Story: Le rideau se lève","9/23/24"
"Monstres : L'histoire de Lyle et Erik Menendez: The Lyle and Erik Menendez Story: Faut plus rêver","9/22/24"
"Monstres : L'histoire de Lyle et Erik Menendez: The Lyle and Erik Menendez Story: L'homme blessé","9/22/24"
"Monstres : L'histoire de Lyle et Erik Menendez: The Lyle and Erik Menendez Story: Tuer ou se faire tuer","9/21/24"
"Monstres : L'histoire de Lyle et Erik Menendez: The Lyle and Erik Menendez Story: T'as pas une pièce ?","9/21/24"
"Monstres : L'histoire de Lyle et Erik Menendez: The Lyle and Erik Menendez Story: Frénésie","9/20/24"
"Monstres : L'histoire de Lyle et Erik Menendez: The Lyle and Erik Menendez Story: Blame it on the rain","9/20/24"
"Un couple parfait: Libérée, délivrée","9/18/24"
"Un couple parfait: Jusqu'à ce que la mort nous sépare","9/18/24"
"Un couple parfait: Sombres secrets","9/17/24"
"Un couple parfait: La famille parfaite","9/16/24"
"Un couple parfait: Une mort suspecte","9/15/24"
"Un couple parfait: Veille de mariage","9/15/24"
"The Deliverance","9/4/24"
"Red Rose: Mini-série: Vœux","9/4/24"
"Jeanne du Barry","9/1/24"
"Room","8/30/24"
"10 Jours Sans Maman","8/30/24"
"Les Clans de la coke: Saison 1: Épisode 2","8/30/24"
"Accidente: Saison 1: Qu'est-ce qui pourrait mal tourner ?","8/30/24"
"Accidente: Saison 1: Chambres vides","8/30/24"
"Meurtre mode d'emploi: Saison 1: Épisode 3","8/26/24"
"Meurtre mode d'emploi: Saison 1: Épisode 2","8/26/24"
"Meurtre mode d'emploi: Saison 1: Épisode 1","8/25/24"
"Larguées","8/6/24"
"Une affaire de détails","8/1/24"
"Les Clans de la coke: Saison 1: Épisode 1","6/23/24"
"Poldark: Saison 1: Épisode 1","6/13/24"
"Downton Abbey: Saison 1: Question de succession","6/13/24"
"Hitler et les nazis : Le procès du mal: L'avènement du Troisième Reich","6/9/24"
"Hitler et les nazis : Le procès du mal: L'origine du mal","6/9/24"
"Bodkin: Vide tes poches","6/6/24"
"Bodkin: La fin justifie les moyens","6/6/24"
"Bodkin: La paix pour notre époque","6/6/24"
"Bodkin: Du poison, un truc comme ça","6/5/24"
"Bodkin: La vie d'un parfait innocent","6/5/24"
"Bodkin: Ce que nous sommes","6/2/24"
"Bodkin: Un vrai mystère","5/31/24"
"Omar m'a tuer","5/29/24"
"Ennemi public : Le livre de la Révélation: Mini-série: Le Droit chemin","5/29/24"
"Bac Nord","5/28/24"
"Collateral: Mini-série: Épisode 4","5/27/24"
"Collateral: Mini-série: Épisode 3","5/27/24"
"Collateral: Mini-série: Épisode 2","5/24/24"
"Collateral: Mini-série: Épisode 1","5/23/24"
"Run Rabbit Run","5/22/24"
"I Came By","5/21/24"
"Suburræterna: Mini-série: Couteaux","5/20/24"
"Suburræterna: Mini-série: Du calme !","5/20/24"
"La Chronique des Bridgerton: Saison 1: Un diamant de la plus belle eau","5/20/24"
"Fiasco: Mini-série: Le buzz et l'argent du buzz","5/19/24"
"Fiasco: Mini-série: Mauvais bad buzz","5/19/24"
"Suburræterna: Mini-série: Sous terre","5/10/24"
"Suburræterna: Mini-série: État de siège","5/10/24"
"Suburræterna: Mini-série: Le rivage de l'enfer","5/8/24"
"Mon petit renne: Mini-série: Épisode 7","5/8/24"
"Mon petit renne: Mini-série: Épisode 6","5/8/24"
"Suburræterna: Mini-série: Anabase","5/5/24"
"À l'écoute du ventre : Les secrets de votre santé","5/5/24"
"Suburræterna: Mini-série: Cages","5/4/24"
"Crime à ciel ouvert: Noir","5/3/24"
"Crime à ciel ouvert: En terrain miné","5/3/24"
"Fiasco: Mini-série: C'est toi le patron","4/30/24"
"Better Call Saul: Saison 1: Uno","4/30/24"
"Directrice: Les chaires musicales","4/27/24"
"Directrice: Le bus de la dernière chance","4/27/24"
"L'Affaire Asunta: Mini-série: 21 septembre","4/27/24"
"Directrice: Bill se bile","4/23/24"
"Directrice: Le débat public","4/23/24"
"Directrice: La réception","4/22/24"
"Directrice: Une erreur magistrale","4/22/24"
"Mon petit renne: Mini-série: Épisode 5","4/21/24"
"Mon petit renne: Mini-série: Épisode 4","4/21/24"
"Mon petit renne: Mini-série: Épisode 3","4/21/24"
"Mon petit renne: Mini-série: Épisode 2","4/20/24"
"Mon petit renne: Mini-série: Épisode 1","4/20/24"
"RIPLEY: Mini-série: II - LES SEPT MISÉRICORDES","4/17/24"
"RIPLEY: Mini-série: I - UN HOMME DUR À TROUVER","4/17/24"
"Le Problème à 3 corps: Saison 1: Colmateur","4/11/24"
"Le Problème à 3 corps: Saison 1: Il faut toujours avancer","4/11/24"
"Heartstopper: Saison 2: Parfait","4/11/24"
"Heartstopper: Saison 2: Pardon","4/11/24"
"Le Problème à 3 corps: Saison 1: Destination les étoiles","4/9/24"
"Heartstopper: Saison 2: Action / Vérité","4/9/24"
"Le Problème à 3 corps: Saison 1: Jugement dernier","4/8/24"
"Le Problème à 3 corps: Saison 1: Notre Seigneur","4/7/24"
"Le Problème à 3 corps: Saison 1: Destructeur des mondes","4/7/24"
"Le Problème à 3 corps: Saison 1: Côte Rouge","4/6/24"
"Le Problème à 3 corps: Saison 1: Compte à rebours","4/6/24"
"Heartstopper: Saison 2: Chaleur","4/3/24"
"Heartstopper: Saison 2: Défi","4/3/24"
"The Gentlemen: Saison 1: L'Évangile selon Bobby Glass","4/1/24"
"The Gentlemen: Saison 1: Non sans péril","4/1/24"
"The Gentlemen: Saison 1: Toute éventualité","4/1/24"
"The Gentlemen: Saison 1: J'ai des centaines de cousins","3/29/24"
"Heartstopper: Saison 2: Promesse","3/29/24"
"Heartstopper: Saison 2: Famille","3/29/24"
"Heartstopper: Saison 2: Coming out","3/29/24"
"The Gentlemen: Saison 1: Un homme antipathique","3/29/24"
"The Gentlemen: Saison 1: Ma beuh, où elle est ?","3/29/24"
"The Gentlemen: Saison 1: Tackle Tommy woo woo","3/29/24"
"The Gentlemen: Saison 1: Raffinement et agressivité","3/29/24"
"La Défense Lincoln: Saison 2: Les obligations","3/19/24"
"La Défense Lincoln: Saison 2: Les règles de déontologie","3/19/24"
"Outreau : Un cauchemar français: Mini-série: La justice","3/17/24"
"Outreau : Un cauchemar français: Mini-série: Le procès","3/17/24"
"Outreau : Un cauchemar français: Mini-série: L'emballement","3/16/24"
"Outreau : Un cauchemar français: Mini-série: La tour du Renard","3/16/24"
"La Défense Lincoln: Saison 1: Le verdict du plomb","3/15/24"
"La Défense Lincoln: Saison 1: La vallée de l'étrange","3/15/24"
"La Défense Lincoln: Saison 1: Le retour de la preuve","3/14/24"
"La Défense Lincoln: Saison 1: Le septième juré","3/14/24"
"La Défense Lincoln: Saison 1: Véreux","3/13/24"
"La Défense Lincoln: Saison 1: Un jury de rêve","3/12/24"
"La Défense Lincoln: Saison 1: La théorie du chaos","3/12/24"
"La Défense Lincoln: Saison 1: Question de timing","3/12/24"
"La Défense Lincoln: Saison 1: Une preuve irréfutable","3/11/24"
"La Défense Lincoln: Saison 1: Remise en selle","3/7/24"
"Invitation à un assassinat","3/3/24"
"Griselda: Mini-série: Adios, Miami","2/26/24"
"Griselda: Mini-série: Paradis perdu","2/26/24"
"Griselda: Mini-série: Intermédiaire","2/26/24"
"Griselda: Mini-série: Mutinerie","2/25/24"
"Griselda: Mini-série: Les riches blancs","2/25/24"
"Griselda: Mini-série: Arrivée fracassante","2/24/24"
"Clickbait: Mini-série: La réponse","2/24/24"
"Clickbait: Mini-série: Le fils","2/24/24"
"Clickbait: Mini-série: Le frère","2/24/24"
"Clickbait: Mini-série: Le journaliste","2/24/24"
"Clickbait: Mini-série: La maîtresse","2/24/24"
"Clickbait: Mini-série: L'épouse","2/24/24"
"Clickbait: Mini-série: L'inspecteur","2/23/24"
"Clickbait: Mini-série: La sœur","2/23/24"
"Tore: Un peu de nouveauté te fera du bien","2/23/24"
"Tore: Chez moi","2/23/24"
"Tore: Erik","2/23/24"
"Tore: La mort comme collègue","2/22/24"
"Tore: Parler ou mourir","2/22/24"
"Octobre: Épisode 1","2/21/24"
"Tore: S'ils portent une montre, ils sont hétéros","2/20/24"
"Suits : avocats sur mesure: Saison 1: Les règles du jeu","2/20/24"
"Shutter Island","2/18/24"
"Raël : Le prophète des extraterrestres: Mini-série: Vers l'infini et au-delà","2/15/24"
"Raël : Le prophète des extraterrestres: Mini-série: Le rêve américain","2/15/24"
"Raël : Le prophète des extraterrestres: Mini-série: Raël Superstar","2/15/24"
"Raël : Le prophète des extraterrestres: Mini-série: Genèse","2/14/24"
"Telle mère, telle fille","2/6/24"
"Gone Baby Gone","2/3/24"
"Chambre 2806: l'affaire DSK: Mini-série: Épisode 4","2/1/24"
"Chambre 2806: l'affaire DSK: Mini-série: Épisode 3","1/30/24"
"Chambre 2806: l'affaire DSK: Mini-série: Épisode 2","1/30/24"
"Chambre 2806: l'affaire DSK: Mini-série: Épisode 1","1/29/24"
"L'Affaire Fourniret : Dans la tête de Monique Olivier: Mini-série: La femme du monstre","1/29/24"
"The Passenger","1/28/24"
"Sur l'autel de la famille: Saison 2: La Sainte Famille","1/27/24"
"Sur l'autel de la famille: Saison 2: Enfant pour enfant","1/27/24"
"Sur l'autel de la famille: Saison 2: Les cheveux détachés","1/26/24"
"Sur l'autel de la famille: Saison 2: Buenos Aires","1/26/24"
"Sur l'autel de la famille: Saison 2: Face à la réalité","1/26/24"
"La Vérité kidnappée : Du rêve au cauchemar américain: 1re partie : Le petit ami","1/26/24"
"La Vérité kidnappée : Du rêve au cauchemar américain: 3e partie : Les autres","1/26/24"
"La Vérité kidnappée : Du rêve au cauchemar américain: 2e partie : Gone Girl","1/26/24"
"Sur l'autel de la famille: Saison 2: La porte","1/25/24"
"Sur l'autel de la famille: Saison 2: Bien loin de Dieu","1/25/24"
"Bros","1/25/24"
"Sur l'autel de la famille: Saison 2: Le lac","1/24/24"
"Le Cercle des neiges","1/21/24"
"Sur l'autel de la famille: Saison 1: Hijo de la luna","1/17/24"
"Neumatt: Saison 2: Schlachthof","1/15/24"
"Neumatt: Saison 2: Muttererde","1/15/24"
"Neumatt: Saison 2: Alphatier","1/15/24"
"Neumatt: Saison 2: Nachwuchs","1/14/24"
"Neumatt: Saison 2: Tierwohl","1/14/24"
"Neumatt: Saison 2: Kraftprobe","1/14/24"
"Neumatt: Saison 2: Familienbetrieb","1/14/24"
"Neumatt: Saison 2: Kuhhandel","1/14/24"
"Neumatt: Saison 1: Terre natale","1/13/24"
"Double piège: Mini-série: Épisode 8","1/13/24"
"Double piège: Mini-série: Épisode 7","1/13/24"
"Double piège: Mini-série: Épisode 6","1/12/24"
"Double piège: Mini-série: Épisode 5","1/12/24"
"Double piège: Mini-série: Épisode 4","1/12/24"
"Pièce montée","1/12/24"
"Double piège: Mini-série: Épisode 3","1/11/24"
"Double piège: Mini-série: Épisode 2","1/10/24"
"Double piège: Mini-série: Épisode 1","1/10/24"
"Le Monde après nous","1/7/24"
"Une famille presque normale: Mini-série: Chapitre six","1/1/24"
"Une famille presque normale: Mini-série: Chapitre cinq","1/1/24"
"Une famille presque normale: Mini-série: Chapitre quatre","1/1/24"
"Une famille presque normale: Mini-série: Chapitre trois","1/1/24"
"Une famille presque normale: Mini-série: Chapitre deux","1/1/24"
"Une famille presque normale: Mini-série: Chapitre un","1/1/24"
"Suits : avocats sur mesure: Saison 1: Une vie de mensonge","12/30/23"
"Suits : avocats sur mesure: Saison 1: L’épreuve de force","12/30/23"
"Suits : avocats sur mesure: Saison 1: Cas de conscience","12/30/23"
"Suits : avocats sur mesure: Saison 1: Le vrai-faux procès","12/30/23"
"Suits : avocats sur mesure: Saison 1: Un monde sans pitié","12/29/23"
"Suits : avocats sur mesure: Saison 1: Il n’y a pas de cause perdue","12/29/23"
"Suits : avocats sur mesure: Saison 1: Préserver sa vie privée","12/29/23"
"Panayotis Pascot : Presque","12/21/23"
"The Crown: Saison 6: Sleep, dearie sleep","12/21/23"
"The Crown: Saison 6: L'adresse de l'espoir","12/20/23"
"The Crown: Saison 6: Ritz","12/19/23"
"The Crown: Saison 6: Alma mater","12/18/23"
"The Crown: Saison 6: Hors du temps","12/17/23"
"The Crown: Saison 6: Un engouement fanatique","12/17/23"
"The Office (US): Saison 1: Pilote","12/17/23"
"The Fall: Saison 3: Leur route solitaire","12/16/23"
"The Fall: Saison 3: Les blessures d'une haine mortelle","12/16/23"
"The Fall: Saison 3: L'Enfer en lui","12/15/23"
"The Fall: Saison 3: Les portes de la lumière","12/15/23"
"The Fall: Saison 3: Ses pensées troublées","12/14/23"
"The Fall: Saison 3: Silence et souffrance","12/13/23"
"The Fall: Saison 2: Illumine en moi ce qui est obscur","12/13/23"
"The Fall: Saison 2: Au bord périlleux de la bataille","12/12/23"
"The Fall: Saison 2: L'esprit est à soi-même sa propre demeure","12/12/23"
"The Fall: Saison 2: Le pouvoir étrange de la beauté","12/11/23"
"The Fall: Saison 2: La nuit obscurcit les rues","12/11/23"
"The Fall: Saison 2: Ces incommodes déguisements","12/9/23"
"The Fall: Regarde-moi","12/9/23"
"The Fall: Frustrations","12/9/23"
"The Fall: Insolence et ivresse","12/9/23"
"The Fall: Mise en scène","12/7/23"
"The Fall: Un tueur dans la nuit","12/6/23"
"Official Secrets","12/4/23"
"Le père Noël est une ordure","12/3/23"
"Double vice","11/27/23"
"The Crown: Saison 6: Onde de choc","11/19/23"
"The Crown: Saison 6: Dis-moi oui","11/19/23"
"The Crown: Saison 6: Deux photographies","11/19/23"
"The Crown: Saison 6: Persona non grata","11/18/23"
"Bodies: Mini-série: Sachez que vous êtes aimés","11/17/23"
"Bodies: Mini-série: Attrape-moi si tu peux","11/17/23"
"Bodies: Mini-série: Le monde t'appartient","11/15/23"
"Bodies: Mini-série: Nous sommes les fantômes","11/13/23"
"Bodies: Mini-série: Jusqu'à l'aube des temps","11/13/23"
"Nuovo Olimpo","11/13/23"
"Bodies: Mini-série: Chaque chose en son temps","11/12/23"
"Bodies: Mini-série: Qui je suis","11/12/23"
"Bodies: Mini-série: Déjà mort","11/12/23"
"Locked In","11/5/23"
"Friends: Saison 1: Celui avec Georges","11/3/23"
"Friends: Saison 1: Celui qui a un rôle","11/3/23"
"Friends: Saison 1: Celui qui est perdu","11/3/23"
"Friends: Saison 1: Celui qui déménage","11/3/23"
"Voleuses","11/1/23"
"La Chute de la maison Usher: Mini-série: Le corbeau","10/28/23"
"La Chute de la maison Usher: Mini-série: Le puits et le pendule","10/28/23"
"La Chute de la maison Usher: Mini-série: Scarabée d'or","10/28/23"
"La Chute de la maison Usher: Mini-série: Le cœur révélateur","10/28/23"
"La Chute de la maison Usher: Mini-série: Le chat noir","10/27/23"
"La Chute de la maison Usher: Mini-série: L'assassinat dans la rue Morgue","10/27/23"
"La Chute de la maison Usher: Mini-série: Le masque de la mort rouge","10/25/23"
"La Chute de la maison Usher: Mini-série: Sur le minuit lugubre","10/25/23"
"Dévoré par les flammes: Mini-série: Le barrage","10/8/23"
"Feel Good: Saison 1 (Channel 4): Épisode 1","10/8/23"
"Sleeping Dog: Mini-série: Creuser encore","10/6/23"
"Sleeping Dog: Mini-série: Chez les Amis","10/6/23"
"Innocent: Mini-série: Épisode 1","10/5/23"
"Sleeping Dog: Mini-série: Connexions","10/1/23"
"Sleeping Dog: Mini-série: Surprise !","10/1/23"
"Sleeping Dog: Mini-série: Le sursaut","10/1/23"
"La Disparue de Lørenskog: Mini-série: Les informateurs","9/27/23"
"La Disparue de Lørenskog: Mini-série: La presse : 2e partie","9/27/23"
"Coming Out Colton: Le passé et l'avenir","9/25/23"
"Coming Out Colton: La vie publique","9/24/23"
"Coming Out Colton: L'église","9/24/23"
"Coming Out Colton: Les amis","9/24/23"
"Coming Out Colton: Le football","9/24/23"
"Coming Out Colton: La famille","9/24/23"
"Faux profil: Saison 1: En chair et en os","9/24/23"
"La Disparue de Lørenskog: Mini-série: La défense","9/23/23"
"La Disparue de Lørenskog: Mini-série: La presse","9/21/23"
"La Disparue de Lørenskog: Mini-série: La police","9/20/23"
"Tapie: Mini-série: Love me, please love me","9/17/23"
"Tapie: Mini-série: Ce soir on vous met le feu","9/17/23"
"Tapie: Mini-série: Y a que pas pouvoir qu'on peut","9/17/23"
"Tapie: Mini-série: Une vie de succès","9/16/23"
"Tapie: Mini-série: Star ou rien","9/15/23"
"Tapie: Mini-série: La poupée qui fait non","9/15/23"
"Tapie: Mini-série: Passeport pour le soleil","9/14/23"
"Painkiller: Mini-série: Qu'y a-t-il dans un nom ?","9/9/23"
"Painkiller: Mini-série: Super chaud","9/8/23"
"Painkiller: Mini-série: Potentiellement","9/8/23"
"Painkiller: Mini-série: La tempête du siècle","9/8/23"
"Painkiller: Mini-série: Ceci est mon âme","9/6/23"
"Painkiller: Mini-série: À l'origine était le vice","9/6/23"
"Who is Erin Carter?: Mini-série: Épisode 7","9/3/23"
"Who is Erin Carter?: Mini-série: Épisode 6","9/3/23"
"Who is Erin Carter?: Mini-série: Épisode 5","9/3/23"
"Who is Erin Carter?: Mini-série: Épisode 4","9/2/23"
"Who is Erin Carter?: Mini-série: Épisode 3","8/31/23"
"Who is Erin Carter?: Mini-série: Épisode 2","8/31/23"
"Who is Erin Carter?: Mini-série: Épisode 1","8/31/23"
"Pêche interdite: Saison 1: C'est pas l'Amérique, ici","8/29/23"
"Pêche interdite: Saison 1: Le chant du cygne","8/28/23"
"Criminal : Royaume-Uni: Saison 2: Julia","8/23/23"
"Criminal : Royaume-Uni: Saison 1: Jay","8/23/23"
"RuPaul's Drag Race: Saison 12: J'en impose","8/13/23"
"Criminal : Royaume-Uni: Saison 1: Stacey","8/12/23"
"Criminal : Royaume-Uni: Saison 1: Edgar","8/12/23"
"Rock'n Roll","8/5/23"
"Black Mirror: Saison 6: Mon cœur pour la vie","7/25/23"
"Black Mirror: Saison 6: Loch Henry","7/15/23"
"Black Mirror: Saison 6: Joan est horrible","7/15/23"
"The End of the F***ing World: Saison 2: Épisode 8","7/3/23"
"The End of the F***ing World: Saison 2: Épisode 7","7/3/23"
"The End of the F***ing World: Saison 2: Épisode 6","7/3/23"
"The End of the F***ing World: Saison 2: Épisode 5","6/30/23"
"The End of the F***ing World: Saison 2: Épisode 4","6/30/23"
"The End of the F***ing World: Saison 2: Épisode 3","6/30/23"
"The End of the F***ing World: Saison 2: Épisode 2","6/30/23"
"The End of the F***ing World: Saison 2: Épisode 1","6/30/23"
"The End of the F***ing World: Saison 1: Épisode 8","6/30/23"
"The End of the F***ing World: Saison 1: Épisode 7","6/29/23"
"The End of the F***ing World: Saison 1: Épisode 6","6/29/23"
"The End of the F***ing World: Saison 1: Épisode 5","6/29/23"
"The End of the F***ing World: Saison 1: Épisode 4","6/29/23"
"The End of the F***ing World: Saison 1: Épisode 3","6/28/23"
"The End of the F***ing World: Saison 1: Épisode 2","6/28/23"
"The End of the F***ing World: Saison 1: Épisode 1","6/28/23"
"Un Homme Idéal","6/21/23"
"The Sinner: Saison 4 : Percy: Chapitre VIII","6/13/23"
"The Sinner: Saison 4 : Percy: Chapitre VII","6/13/23"
"The Sinner: Saison 4 : Percy: Chapitre VI","6/12/23"
"The Sinner: Saison 4 : Percy: Chapitre V","6/12/23"
"Champions: La rencontre","6/12/23"
"The Sinner: Saison 4 : Percy: Chapitre IV","6/9/23"
"The Sinner: Saison 4 : Percy: Chapitre III","6/9/23"
"The Sinner: Saison 4 : Percy: Chapitre II","6/9/23"
"The Sinner: Saison 4 : Percy: Chapitre I","6/7/23"
"Le goût des marguerites: Par moi...","6/7/23"
"Pêche interdite: Saison 1: Nul n'échappe à une île","6/7/23"
"Wellmania: Et comptez jusqu'à 10…","6/5/23"
"Wellmania: La grande enfilade","6/5/23"
"Wellmania: La vie, la mort, etc.","6/5/23"
"Wellmania: Dans le palais des miroirs","6/4/23"
"Wellmania: La vraie Camille","6/4/23"
"Wellmania: La chasse au canard","6/4/23"
"Wellmania: La purge","6/3/23"
"Wellmania: Carpe diem ou rien !","6/3/23"
"Pêche interdite: Saison 1: Il est bon de parler et meilleur de se taire","6/2/23"
"Tin & Tina","6/2/23"
"Pêche interdite: Saison 1: Quand la terre tremble","6/1/23"
"Pêche interdite: Saison 1: L'offre et la demande","6/1/23"
"Pêche interdite: Saison 1: La tempête","6/1/23"
"New Amsterdam: Saison 1: Pilote","6/1/23"
"AKA","5/31/23"
"El silencio: Mini-série: Épisode 6","5/31/23"
"El silencio: Mini-série: Épisode 5","5/31/23"
"El silencio: Mini-série: Épisode 4","5/30/23"
"El silencio: Mini-série: Épisode 3","5/30/23"
"El silencio: Mini-série: Épisode 2","5/30/23"
"El silencio: Mini-série: Épisode 1","5/30/23"
"La Diplomate: Saison 1: En vertu de l'article 007","5/29/23"
"La Diplomate: Saison 1: Et encore plus proche de tes ennemis…","5/29/23"
"Smiley: Quand Álex rencontre Bruno","5/29/23"
"La Diplomate: Saison 1: Une passion tourbillonnante","5/28/23"
"La Diplomate: Saison 1: L'attrape-chien","5/28/23"
"La Diplomate: Saison 1: Il s'est acheté un chapeau","5/28/23"
"#Philo : Sapere aude: Saison 2: Épisode 8","5/28/23"
"#Philo : Sapere aude: Saison 2: Épisode 7","5/28/23"
"#Philo : Sapere aude: Saison 2: Épisode 6","5/28/23"
"#Philo : Sapere aude: Saison 2: Épisode 5","5/28/23"
"#Philo : Sapere aude: Saison 2: Épisode 4","5/27/23"
"#Philo : Sapere aude: Saison 2: Épisode 3","5/27/23"
"#Philo : Sapere aude: Saison 2: Épisode 2","5/27/23"
"#Philo : Sapere aude: Saison 2: Épisode 1","5/27/23"
"#Philo : Sapere aude: Saison 1: Épisode 8","5/27/23"
"La Diplomate: Saison 1: Comme des agneaux dans les ténèbres","5/26/23"
"La Diplomate: Saison 1: Ceci n'est pas un kidnapping","5/26/23"
"La Diplomate: Saison 1: À la Cendrillon","5/25/23"
"#Philo : Sapere aude: Saison 1: Épisode 7","5/24/23"
"#Philo : Sapere aude: Saison 1: Épisode 6","5/24/23"
"#Philo : Sapere aude: Saison 1: Épisode 5","5/24/23"
"#Philo : Sapere aude: Saison 1: Épisode 4","5/24/23"
"#Philo : Sapere aude: Saison 1: Épisode 3","5/24/23"
"Mon amie Adèle: Mini-série: Mon amie Adèle","5/22/23"
"Mon amie Adèle: Mini-série: La deuxième porte","5/22/23"
"Mon amie Adèle: Mini-série: Rob","5/21/23"
"Mon amie Adèle: Mini-série: La première porte","5/21/23"
"Mon amie Adèle: Mini-série: Rêves lucides","5/20/23"
"Mon amie Adèle: Mini-série: Rencontres fortuites","5/20/23"
"Stillwater","5/19/23"
"Vengeances: Saison 1: Jusqu'à la fin","5/19/23"
"Vengeances: Saison 1: La nature fait bien les choses","5/18/23"
"Vengeances: Saison 1: L'amour maternel","5/18/23"
"Vengeances: Saison 1: La menace du vivant","5/18/23"
"Vengeances: Saison 1: La patte de l'artiste","5/18/23"
"The Gray Man","5/15/23"
"Ava","5/15/23"
"Ne t'éloigne pas: Mini-série: Épisode 8","5/13/23"
"Ne t'éloigne pas: Mini-série: Épisode 7","5/11/23"
"Ne t'éloigne pas: Mini-série: Épisode 6","5/10/23"
"Ne t'éloigne pas: Mini-série: Épisode 5","5/10/23"
"Ne t'éloigne pas: Mini-série: Épisode 4","5/9/23"
"Ne t'éloigne pas: Mini-série: Épisode 3","5/8/23"
"Ne t'éloigne pas: Mini-série: Épisode 2","5/8/23"
"Ne t'éloigne pas: Mini-série: Épisode 1","5/7/23"
"Intimidation: Mini-série: Épisode 8","5/6/23"
"Intimidation: Mini-série: Épisode 7","5/6/23"
"Intimidation: Mini-série: Épisode 6","5/6/23"
"Intimidation: Mini-série: Épisode 5","5/6/23"
"Intimidation: Mini-série: Épisode 4","5/5/23"
"Intimidation: Mini-série: Épisode 3","5/5/23"
"Intimidation: Mini-série: Épisode 2","5/5/23"
"#Philo : Sapere aude: Saison 1: Épisode 2","5/5/23"
"Intimidation: Mini-série: Épisode 1","5/4/23"
"The Watcher: Fantômes","4/20/23"
"The Watcher: Dans la pénombre","4/20/23"
"The Watcher: Le rasoir d'Ockham","4/20/23"
"The Watcher: Les murs ont des yeux","4/18/23"
"The Watcher: Sur un air de Wagner","4/17/23"
"The Watcher: Sacrifice humain","4/17/23"
"The Watcher: Bienvenue, chers amis","4/16/23"
"Anatomie d'un scandale: Mini-série: Épisode 6","4/14/23"
"Anatomie d'un scandale: Mini-série: Épisode 5","4/14/23"
"Anatomie d'un scandale: Mini-série: Épisode 4","4/14/23"
"Anatomie d'un scandale: Mini-série: Épisode 3","4/14/23"
"Anatomie d'un scandale: Mini-série: Épisode 2","4/14/23"
"Anatomie d'un scandale: Mini-série: Épisode 1","4/13/23"
"Inside Man: Épisode 4","4/12/23"
"Inside Man: Épisode 3","4/11/23"
"Inside Man: Épisode 2","4/10/23"
"Inside Man: Épisode 1","4/9/23"
"The Night Agent: Saison 1: L'appel","4/7/23"
"The Guilty","4/7/23"
"20 ans d'écart","4/3/23"
"Amour entre adultes","3/31/23"
"Nora Hamzawi","3/29/23"
"Angèle","3/27/23"
"Budapest","3/26/23"
"Roulez jeunesse","3/24/23"
"Five","3/18/23"
"L'Affaire Fourniret : Dans la tête de Monique Olivier: Mini-série: La gardienne des secrets","3/18/23"
"L'Affaire Fourniret : Dans la tête de Monique Olivier: Mini-série: Le génie du mal","3/18/23"
"L'Affaire Fourniret : Dans la tête de Monique Olivier: Mini-série: L'ogre et l'ogresse des Ardennes","3/18/23"
"The Sinner: Saison 3 : Jamie: Chapitre VIII","3/16/23"
"The Sinner: Saison 3 : Jamie: Chapitre VII","3/15/23"
"The Sinner: Saison 3 : Jamie: Chapitre VI","3/15/23"
"The Sinner: Saison 3 : Jamie: Chapitre V","3/15/23"
"L'Affaire Fourniret : Dans la tête de Monique Olivier: Mini-série: Le pacte diabolique","3/14/23"
"The Sinner: Saison 3 : Jamie: Chapitre IV","3/14/23"
"The Sinner: Saison 3 : Jamie: Chapitre III","3/13/23"
"The Sinner: Saison 3 : Jamie: Chapitre II","3/12/23"
"Black Mirror: Saison 5: Striking Vipers","3/12/23"
"The Sinner: Saison 3 : Jamie: Chapitre I","3/12/23"
"Premières vacances","3/6/23"
"Flowers: Saison 2: Épisode 4","2/27/23"
"Flowers: Saison 2: Épisode 3","2/27/23"
"À l'ouest rien de nouveau","2/25/23"
"Stranger Things: Stranger Things 4: Chapitre cinq : Projet Nina","2/22/23"
"Stranger Things: Stranger Things 4: Chapitre quatre : Cher Billy","2/22/23"
"Stranger Things: Stranger Things 4: Chapitre trois : Le monstre et la superhéroïne","2/22/23"
"Stranger Things: Stranger Things 4: Chapitre deux : La malédiction de Vecna","2/22/23"
"Stranger Things: Stranger Things 4: Chapitre un : Le club Hellfire","2/22/23"
"Kaleidoscope: Mini-série: Blanc (le casse)","2/20/23"
"Kaleidoscope: Mini-série: Rose (six mois après le casse)","2/20/23"
"Kaleidoscope: Mini-série: Rouge (le matin après le casse)","2/19/23"
"Kaleidoscope: Mini-série: Violet (vingt-quatre ans avant le casse)","2/19/23"
"Kaleidoscope: Mini-série: Orange (trois semaines avant le casse)","2/19/23"
"Kaleidoscope: Mini-série: Bleu (cinq jours avant le casse)","2/12/23"
"Kaleidoscope: Mini-série: Vert (sept ans avant le casse)","2/12/23"
"Kaleidoscope: Mini-série: Jaune (six semaines avant le casse)","2/12/23"
"En traître: Mini-série: Épisode 5","2/12/23"
"En traître: Mini-série: Épisode 4","2/12/23"
"En traître: Mini-série: Épisode 3","2/12/23"
"En traître: Mini-série: Épisode 2","2/12/23"
"En traître: Mini-série: Épisode 1","2/12/23"
"Young Royals: Saison 1: Épisode 1","2/10/23"
"Sex Education: Saison 1: Épisode 1","2/9/23"
"Alma: Les secrets","2/9/23"
"Alma: Le brouillard","2/9/23"
"Sur l'autel de la famille: Saison 1: Voiture brûlée","2/5/23"
"Sur l'autel de la famille: Saison 1: Au pair","2/5/23"
"Sur l'autel de la famille: Saison 1: 11 novembre","2/5/23"
"Sur l'autel de la famille: Saison 1: Melilla","2/5/23"
"Sur l'autel de la famille: Saison 1: Quatre corps","2/5/23"
"Sur l'autel de la famille: Saison 1: Je suis Gloria Román","2/5/23"
"Sur l'autel de la famille: Saison 1: La fêlure","2/5/23"
"Jalouse","2/3/23"
"Élite: Saison 5: Nos visions du monde","2/3/23"
"Élite: Saison 5: Toxique","2/3/23"
"Élite: Saison 5: L'amour n'a pas de prix","2/3/23"
"Élite: Saison 5: Un pas vers la vérité","2/3/23"
"Sky Rojo: Saison 3: De l'or, de l'encens et du plomb","2/2/23"
"Sky Rojo: Saison 3: L'impuissance et le hockey sur glace","2/2/23"
"Élite: Saison 5: Le cadavre","2/2/23"
"Smiley: Le fil rouge","2/2/23"
"Smiley: Minuit moins 5","2/2/23"
"Smiley: Un degré de séparation","2/2/23"
"Sky Rojo: Saison 3: Piéger l'embryon","2/1/23"
"Sky Rojo: Saison 3: Jésus avait raison","2/1/23"
"Sky Rojo: Saison 3: Diesel, salpêtre et poudre","2/1/23"
"Smiley: Ensemble pour Noël","2/1/23"
"Smiley: Amour toujours","2/1/23"
"Smiley: L'Impossible Monsieur Bébé","1/31/23"
"Smiley: Les ailes d'Icare","1/31/23"
"Sky Rojo: Saison 3: Le chat porte-bonheur","1/31/23"
"Sky Rojo: Saison 3: La ligne qui nous sépare","1/31/23"
"Sky Rojo: Saison 3: Entrer au paradis par la petite porte","1/29/23"
"Sky Rojo: Saison 2: Des gens toxiques","1/29/23"
"That '90s Show: Partie 1: Pilote","1/21/23"
"#Philo : Sapere aude: Saison 1: Épisode 1","1/20/23"
"Glass Onion : Une histoire à couteaux tirés","1/13/23"
"Alice in Borderland: Saison 2: Épisode 8","1/12/23"
"Alice in Borderland: Saison 2: Épisode 7","1/12/23"
"Alice in Borderland: Saison 2: Épisode 6","1/12/23"
"Alice in Borderland: Saison 2: Épisode 5","1/3/23"
"Alice in Borderland: Saison 2: Épisode 4","1/2/23"
"Alice in Borderland: Saison 2: Épisode 3","1/2/23"
"Alice in Borderland: Saison 2: Épisode 2","1/1/23"
"Alice in Borderland: Saison 2: Épisode 1","1/1/23"
"Baraki: Épisode 11","12/23/22"
"Baraki: Épisode 10","12/23/22"
"Baraki: Épisode 9","12/23/22"
"Baraki: Épisode 8","12/13/22"
"Baraki: Épisode 7","12/13/22"
"Baraki: Épisode 6","12/13/22"
"Baraki: Épisode 5","12/13/22"
"Baraki: Épisode 4","12/11/22"
"Harry & Meghan: Mini-série: Épisode 1","12/10/22"
"Jaula","12/8/22"
"One Night in Paris","12/8/22"
"L'ascension","12/8/22"
"Baraki: Épisode 3","12/5/22"
"Baraki: Épisode 2","12/5/22"
"Baraki: Épisode 1","12/5/22"
"Flowers: Saison 2: Épisode 2","12/4/22"
"Flowers: Saison 2: Épisode 1","12/4/22"
"Mercredi: Saison 1: Mercredi porte-malheur","12/4/22"
"Notre univers: Mini-série: Lumière stellaire","12/3/22"
"Élite: Saison 5: Attache-moi","12/2/22"
"Élite: Saison 5: Tout est permis","12/2/22"
"Élite: Saison 5: Je l'ai tué","12/1/22"
"1899: Le bateau","11/30/22"
"Split","11/28/22"
"Heartstopper: Saison 1: Petit ami","11/27/22"
"Heartstopper: Saison 1: Harcèlement","11/27/22"
"Heartstopper: Saison 1: Filles","11/27/22"
"Heartstopper: Saison 1: Amitié","11/27/22"
"Heartstopper: Saison 1: Secret","11/25/22"
"Heartstopper: Saison 1: Baiser","11/25/22"
"Heartstopper: Saison 1: Béguin","11/25/22"
"The Crown: Saison 5: Déclassement","11/21/22"
"The Crown: Saison 5: Couple numéro 31","11/20/22"
"The Crown: Saison 5: Une vraie poudrière","11/20/22"
"Uncoupled: Chapitre 8","11/19/22"
"Uncoupled: Chapitre 7","11/19/22"
"Uncoupled: Chapitre 6","11/19/22"
"Uncoupled: Chapitre 5","11/19/22"
"Uncoupled: Chapitre 4","11/19/22"
"The Crown: Saison 5: No woman's land","11/18/22"
"Uncoupled: Chapitre 3","11/16/22"
"Uncoupled: Chapitre 2","11/16/22"
"Uncoupled: Chapitre 1","11/16/22"
"The Crown: Saison 5: La maison Ipatiev","11/13/22"
"The Crown: Saison 5: Des précautions salutaires","11/13/22"
"The Crown: Saison 5: Annus horribilis","11/13/22"
"The Crown: Saison 5: Mou Mou","11/13/22"
"The Crown: Saison 5: Le système","11/12/22"
"The Crown: Saison 5: Comme un déjà vu","11/12/22"
"The Crown: Saison 4: Guerre","11/12/22"
"Ek Villain : Le retour","11/12/22"
"Le Cabinet de curiosités de Guillermo del Toro: L'exposition","11/11/22"
"Downton Abbey","11/9/22"
"Meurtres sans ordonnance","11/6/22"
"Le Cabinet de curiosités de Guillermo del Toro: Cauchemars de passage","11/5/22"
"Irrémédiable","11/1/20"
"Iris","10/31/20"
"Confident Royal","10/31/20"
"Bronx","10/31/20"
"Paranoid: Épisode 2","10/25/20"
"Paranoid: Épisode 1","10/25/20"
"Gone Girl","10/25/20"
"Coup de foudre garanti","10/24/20"
"Elle est trop bien","10/24/20"
"Les Enquêtes extraordinaires: Volume 2: Échappé du couloir de la mort","10/20/20"
"Les Enquêtes extraordinaires: Volume 2: Mort à Oslo","10/20/20"
"Reine du Sud: Histoires de familles","10/17/20"
"Reine du Sud: Responsabilités","10/17/20"
"Reine du Sud: Aller simple","10/17/20"
"Ratched: L'ange de miséricorde : Partie 2","10/14/20"
"Ratched: L'ange de miséricorde","10/14/20"
"Reine du Sud: Birdman","10/13/20"
"Reine du Sud: Trahisons","10/13/20"
"Le jeune Wallander: Saison 1: Épisode 6","10/12/20"
"Le jeune Wallander: Saison 1: Épisode 5","10/12/20"
"Murder: Saison 6: Je veux être libre","10/11/20"
"Murder: Saison 6: C'est moi le meurtrier","10/11/20"
"Murder: Saison 6: La famille, ça craint","10/11/20"
"Murder: Saison 6: On va tous tomber","10/11/20"
"Le jeune Wallander: Saison 1: Épisode 4","10/10/20"
"Le jeune Wallander: Saison 1: Épisode 3","10/10/20"
"Le jeune Wallander: Saison 1: Épisode 2","10/10/20"
"Le jeune Wallander: Saison 1: Épisode 1","10/10/20"
"Murder: Saison 6: Je déteste ce monde","10/10/20"
"Murder: Saison 6: Tu crois que je suis mauvais ?","10/9/20"
"Murder: Saison 6: Vivian est là","10/8/20"
"Murder: Saison 6: Dites adieu","10/7/20"
"Ratched: Le pic à glace","10/6/20"
"A Secret Love","10/5/20"
"Ratched: Pilote","10/4/20"
"The Boys in the Band","10/4/20"
"American Horror Story: 1984: Le camp Redwood","10/4/20"
"Reine du Sud: Divergences","10/3/20"
"Reine du Sud: Lirio De Los Valles","10/3/20"
"Baptiste Lecaplain - Origines","10/3/20"
"Reine du Sud: Stratégie","10/3/20"
"Reine du Sud: Quarante minutes","10/2/20"
"Reine du Sud: Pilote","10/2/20"
"How I Met Your Mother: Un signe","10/2/20"
"Ma part du gâteau","10/2/20"
"Family Business: Saison 1: Deal","9/29/20"
"Family Business: Saison 1: Business plan","9/29/20"
"Enola Holmes","9/24/20"
"Il processo: Épisode 1","9/19/20"
"Stateless: Mini-série: Le septième cercle","9/15/20"
"Stateless: Mini-série: Panis Angelicus","9/15/20"
"Stateless: Mini-série: Cours, Sofie, cours","9/14/20"
"Stateless: Mini-série: Un choix cornélien","9/14/20"
"Modern Family: Saison 3: Un long voyage","9/14/20"
"Modern Family: Saison 3: La gloire de nos pères","9/14/20"
"Stateless: Mini-série: Inconnue","9/14/20"
"Stateless: Mini-série: Les circonstances qui les ont amenés ici","9/13/20"
"Modern Family: Saison 3: Votez pour Claire !","9/13/20"
"Modern Family: Saison 3: Clown un jour...","9/13/20"
"Modern Family: Saison 3: J'ai 10 ans !","9/13/20"
"Fargo: Saison 2: Palindrome","9/8/20"
"Fargo: Saison 2: Sur écoute","9/8/20"
"Fargo: Saison 2: Sioux Falls","9/6/20"
"Fargo: Saison 2: Trahison","9/6/20"
"Fargo: Saison 2: Le boucher","9/6/20"
"Fargo: Saison 2: Cadeaux et privilèges","9/5/20"
"Fargo: Saison 2: Stupeur et tremblements","9/5/20"
"Fargo: Saison 2: Le mythe de Yaya Yayo","9/5/20"
"Fargo: Saison 2: Au-delà des lois","9/5/20"
"Lovesick: Bethany","9/2/20"
"Fargo: Saison 2: En attendant Dutch","9/1/20"
"Fargo: Saison 1: La fourchette de Morton","8/31/20"
"Fargo: Saison 1: Le loup, la chèvre et le chou","8/30/20"
"The Rain: Saison 1: Fiez-vous à votre intuition","8/30/20"
"Fargo: Saison 1: L'accumulation","8/30/20"
"The Rain: Saison 1: Ne parlez pas aux inconnus","8/30/20"
"The Rain: Saison 1: Connaissez vos amis","8/30/20"
"Fargo: Saison 1: Qui rase le barbier ?","8/30/20"
"The Rain: Saison 1: Gardez l'espoir","8/30/20"
"The Rain: Saison 1: Ne faites confiance à personne","8/30/20"
"The Rain: Saison 1: Évitez la ville","8/30/20"
"The Rain: Saison 1: Ne vous séparez pas","8/30/20"
"The Rain: Saison 1: Restez à l'abri","8/30/20"
"Fargo: Saison 1: L'âne de Buridan","8/30/20"
"Dirty John: Betty Broderick: Sans égard à la faute","8/30/20"
"Fargo: Saison 1: Les dix plaies d'Égypte","8/30/20"
"Project Power","8/30/20"
"Fargo: Saison 1: Toutes les nuances de vert","8/29/20"
"Fargo: Saison 1: Embourbés ","8/29/20"
"Fargo: Saison 1: Le prince coq ","8/29/20"
"Fargo: Saison 1: Le dilemme du crocodile","8/29/20"
"Jamais la même Histoire: Saison 1: Le pétrole du Moyen-Orient","8/24/20"
"Jamais la même Histoire: Saison 1: Le plastique","8/24/20"
"Jamais la même Histoire: Saison 1: La Chine","8/24/20"
"Jamais la même Histoire: Saison 1: Les fast-foods","8/24/20"
"Umbrella Academy: Saison 2: La fin de quelque chose","8/23/20"
"Umbrella Academy: Saison 2: 743","8/23/20"
"Umbrella Academy: Saison 2: Les sept phases","8/21/20"
"Umbrella Academy: Saison 2: Öga för öga","8/21/20"
"Umbrella Academy: Saison 2: Un dîner léger","8/21/20"
"Merci patron!","8/20/20"
"Umbrella Academy: Saison 2: Valhalla","8/20/20"
"Umbrella Academy: Saison 2: Les Douze Magnifiques","8/19/20"
"Modern Family: Saison 3: Une gentille petite poupée","8/16/20"
"Modern Family: Saison 3: Tante maman","8/16/20"
"Modern Family: Saison 3: Moi ? Jaloux ?","8/16/20"
"Modern Family: Saison 3: Silence, on jure !","8/16/20"
"Modern Family: Saison 3: L'oeuf de la discorde","8/16/20"
"Modern Family: Saison 3: Lames de rasoir et souris noires","8/16/20"
"Modern Family: Saison 3: Noël express","8/16/20"
"Modern Family: Saison 3: Lancer de citrouille","8/16/20"
"Umbrella Academy: Saison 2: Les Suédois","8/16/20"
"Umbrella Academy: Saison 2: Les Frankel","8/15/20"
"Umbrella Academy: Saison 2: Retour à la case départ","8/15/20"
"Outlander: Saison 2: La bataille de Prestonpans","7/31/20"
"Outlander: Saison 2: Je Suis Prest","7/31/20"
"Outlander: Saison 2: Le repaire du vieux renard","7/31/20"
"Outlander: Saison 2: Faith","7/30/20"
"Outlander: Saison 2: Double jeu","7/30/20"
"Outlander: Saison 2: Une résurrection inopportune","7/30/20"
"Blacklist: Saison 1: Général Ludd","7/30/20"
"Outlander: Saison 2: La Dame Blanche","7/29/20"
"Outlander: Saison 2: La partition de musique","7/29/20"
"Outlander: Saison 2: L'introduction à Versailles","7/28/20"
"Outlander: Saison 2: À travers le miroir","7/27/20"
"Modern Family: Saison 3: Ça passe ou ça masse","7/27/20"
"Modern Family: Saison 3: Hétéro mais pas trop","7/27/20"
"Outlander: Saison 1: La rançon d'une âme","7/26/20"
"Outlander: Saison 1: La prison de Wentworth","7/26/20"
"Outlander: Saison 1: Une chanson pour Jamie","7/26/20"
"Outlander: Saison 1: La Garde","7/26/20"
"Outlander: Saison 1: Lallybroch","7/26/20"
"Outlander: Saison 1: La marque du diable","7/26/20"
"Outlander: Saison 1: Mon petit doigt me dit","7/26/20"
"Outlander: Saison 1: Une bonne correction","7/26/20"
"Outlander: Saison 1: D'un monde à l'autre","7/26/20"
"Outlander: Saison 1: Le mariage","7/25/20"
"Outlander: Saison 1: Le commandant de la garnison","7/25/20"
"Outlander: Saison 1: La collecte","7/25/20"
"Outlander: Saison 1: Le serment d'allégeance","7/25/20"
"Outlander: Saison 1: La légende de la dame de Balnain","7/23/20"
"Outlander: Saison 1: Le château de Leoch","7/23/20"
"Outlander: Saison 1: Sassenach","7/23/20"
"Les Enquêtes extraordinaires: Volume 1: La maison de l'horreur","7/20/20"
"Modern Family: Saison 3: Autant en emporte l'enfant","7/14/20"
"Modern Family: Saison 3: De la fuite dans les idées","7/14/20"
"Modern Family: Saison 3: Porte-à-porte","7/14/20"
"Modern Family: Saison 3: Sur la corde raide","7/12/20"
"Modern Family: Saison 3: À tort ou à raison","7/11/20"
"Modern Family: Saison 3: Chapeau de cow-boy et bottes de cuir","7/11/20"
"Les Demoiselles du téléphone: Saison 1: Chapitre 3 : Les mensonges","7/7/20"
"Les Enquêtes extraordinaires: Volume 1: Mystère sur le toit","7/7/20"
"Les Demoiselles du téléphone: Saison 1: Chapitre 2 : Les souvenirs","7/7/20"
"Les Demoiselles du téléphone: Saison 1: Chapitre 1 : Les rêves","7/7/20"
"Les Enquêtes extraordinaires: Volume 1: 13 minutes","7/6/20"
"Lovesick: Jane","7/6/20"
"Homemade: Pablo Larraín","7/6/20"
"Homemade: Rachel Morrison","7/6/20"
"Homemade: Paolo Sorrentino","7/6/20"
"Modern Family: Saison 2: Celui qui s'en est sorti","7/4/20"
"Modern Family: Saison 2: On se voit à la rentrée","7/4/20"
"Modern Family: Saison 2: Bon flic, mauvais flic","7/4/20"
"Modern Family: Saison 2: La fête des Mères","7/4/20"
"Homemade: Ladj Ly","7/4/20"
"Les Meurtres de Valhalla: Valhalla","7/4/20"
"Modern Family: Saison 2: Tuteurs nés","7/2/20"
"Modern Family: Saison 2: Voyage musical autour du monde","7/2/20"
"Lovesick: Cressida","7/1/20"
"Dark: Saison 3: Le paradis","6/29/20"
"Dark: Saison 3: Entre-deux","6/28/20"
"Dark: Saison 3: Ombre et lumière","6/28/20"
"Dark: Saison 3: Vie et mort","6/28/20"
"Modern Family: Saison 2: Une soirée très gay","6/28/20"
"Dark: Saison 3: L'origine","6/28/20"
"Dark: Saison 3: Adam et Eva","6/28/20"
"Dark: Saison 3: Les survivants","6/28/20"
"Le talentueux Mr. Ripley","6/27/20"
"Murder: Tel père, telle fille","6/27/20"
"Murder: Que le meilleur gagne","6/27/20"
"Les Chroniques de San Francisco: Mini-série: Pas aujourd'hui, Satan !","6/27/20"
"Dark: Saison 3: Déjà-vu","6/27/20"
"Dark: Saison 2: La fin et le début","6/27/20"
"Lovesick: Anna","6/27/20"
"Retribution: Adam et Grace","6/26/20"
"Retribution: Glenarvon Loch","6/26/20"
"Retribution: Sous la surface","6/25/20"
"Retribution: La tempête","6/24/20"
"Modern Family: Saison 2: Deux singes et un panda","6/24/20"
"Modern Family: Saison 2: Non je ne regrette rien…","6/24/20"
"Modern Family: Saison 2: Rencontre du 2ème type","6/24/20"
"Modern Family: Saison 2: Le retour de Mister Clive","6/24/20"
"Modern Family: Saison 2: Dans de beaux draps","6/24/20"
"Lovesick: Abigail","6/24/20"
"Modern Family: Saison 2: Croctopus","6/23/20"
"Dr Foster: Épisode 2","6/23/20"
"Modern Family: Saison 2: Ralentissez vos voisins","6/23/20"
"Dr Foster: Épisode 1","6/23/20"
"Modern Family: Saison 2: Si je t'attrape, je te mords !","6/22/20"
"Modern Family: Saison 2: Touché-peloté","6/22/20"
"Modern Family: Saison 2: À la recherche de l'enfance perdue","6/21/20"
"Modern Family: Saison 2: Beaucoup de bruit pour rien","6/21/20"
"Modern Family: Saison 2: La maison des horreurs","6/21/20"
"Modern Family: Saison 2: Ordi soit qui mal y pense","6/21/20"
"Marcella: Saison 3: Épisode 3","6/20/20"
"Marcella: Saison 3: Épisode 2","6/20/20"
"Marcella: Saison 3: Épisode 1","6/20/20"
"Modern Family: Saison 2: Le pacte du Nord-express","6/19/20"
"Modern Family: Saison 2: Attention les secousses","6/19/20"
"Modern Family: Saison 2: Embrasse-moi idiot !","6/19/20"
"Modern Family: Saison 2: Massacre à la scie sauteuse","6/19/20"
"Modern Family: Rien n'est jamais parfait","6/18/20"
"Tiempo compartido","6/17/20"
"Modern Family: Aloha","6/15/20"
"Modern Family: Désemparés au décollage","6/15/20"
"Modern Family: La main à la patte","6/15/20"
"Dans les bois: Un long retour","6/14/20"
"Dans les bois: Ta sœur est morte","6/14/20"
"Modern Family: Tous sur la touche","6/14/20"
"Dans les bois: Ce qui gît sous terre","6/14/20"
"Dans les bois: Tu ne sais rien","6/14/20"
"Dans les bois: Mensonges","6/14/20"
"Modern Family: Mission cadeau impossible","6/13/20"
"Modern Family: La nuit étoilée","6/13/20"
"Modern Family: Rien ne sert de mentir","6/13/20"
"Dans les bois: La fin de l'innocence","6/13/20"
"Modern Family: Chéri, fais-moi peur","6/12/20"
"Modern Family: Docteur Phil & Mister Clive","6/12/20"
"The Family : La menace fondamentaliste: Mini-série: Le nouvel ordre mondial","6/12/20"
"The Family : La menace fondamentaliste: Mini-série: Les élus","6/12/20"
"The Family : La menace fondamentaliste: Mini-série: Immersion","6/12/20"
"Modern Family: Splash de lunes","6/10/20"
"Modern Family: La télé qui commande","6/10/20"
"Modern Family: Sexe, mensonge et quiproquo","6/10/20"
"Modern Family: Papa poule et maman ours","6/10/20"
"Modern Family: Il faut sauver Noël","6/10/20"
"Secret City: Attention au Jabberwock","6/9/20"
"Modern Family: Fizbo le clown","6/9/20"
"Secret City: Les observateurs","6/9/20"
"Secret City: Un sacrifice pour la cause","6/9/20"
"Modern Family: La mélodie du bonheur","6/8/20"
"Modern Family: En garde","6/8/20"
"Modern Family: Prudence est père de sûreté","6/8/20"
"13 Reasons Why: Saison 1: Cassette 1, face A","6/8/20"
"Modern Family: De la poussière sous le tapis","6/8/20"
"Modern Family: Devine qui vient dîner ?","6/8/20"
"The Sinner: Saison 1 : Cora: Chapitre VIII","6/7/20"
"The Sinner: Saison 1 : Cora: Chapitre VII","6/7/20"
"The Sinner: Saison 1 : Cora: Chapitre VI","6/7/20"
"The Sinner: Saison 1 : Cora: Chapitre V","6/7/20"
"The Sinner: Saison 1 : Cora: Chapitre IV","6/7/20"
"The Sinner: Saison 1 : Cora: Chapitre III","6/7/20"
"The Sinner: Saison 1 : Cora: Chapitre II","6/7/20"
"The Sinner: Saison 1 : Cora: Chapitre I","6/7/20"
"The Sinner: Saison 2 : Julian: Chapitre I","6/7/20"
"L'Affaire SK1","6/7/20"
"Jeffrey Epstein : Pouvoir, argent et perversion: Mini-série: L'île tragique","6/6/20"
"Jeffrey Epstein : Pouvoir, argent et perversion: Mini-série: La piste de l'argent","6/6/20"
"Jeffrey Epstein : Pouvoir, argent et perversion: Mini-série: Le terrain de chasse","6/6/20"
"Modern Family: Le chas de l'aiguille","6/6/20"
"Dead to Me: Saison 1: Y retourner","6/6/20"
"Modern Family: Mélo-vélo","6/6/20"
"Modern Family: Chronique d'une famille peu ordinaire","6/6/20"
"Dead to Me: Saison 1: Tout est de ma faute","6/5/20"
"Dead to Me: Saison 1: Peut-être que je suis cinglée","6/4/20"
"Dead to Me: Saison 1: Pilote","6/4/20"
"Dynastie: Saison 1: Quelle élégance","6/3/20"
"Bloodline: Saison 1: Partie 3","5/29/20"
"Bloodline: Saison 1: Partie 2","5/29/20"
"Bloodline: Saison 1: Partie 1","5/29/20"
"Snowpiercer: Saison 1: D'abord, le temps changea","5/27/20"
"Les Meurtres de Valhalla: Le retour","5/26/20"
"Secret City: Under the Eagle: Point de chute","5/26/20"
"Dérapages: Mini-série: Épisode 6","5/26/20"
"Dérapages: Mini-série: Épisode 5","5/25/20"
"Hollywood: Meg","5/25/20"
"Hollywood: Le saut","5/25/20"
"Hollywood: À l'épreuve des essais","5/25/20"
"Hollywood: Hors-la-loi","5/25/20"
"Dérapages: Mini-série: Épisode 4","5/24/20"
"Les Meurtres de Valhalla: Du jamais-vu","5/24/20"
"Dérapages: Mini-série: Épisode 3","5/24/20"
"White Lines: Épisode 10","5/24/20"
"White Lines: Épisode 9","5/24/20"
"White Lines: Épisode 8","5/24/20"
"White Lines: Épisode 7","5/24/20"
"White Lines: Épisode 6","5/24/20"
"Dérapages: Mini-série: Épisode 2","5/24/20"
"Dérapages: Mini-série: Épisode 1","5/24/20"
"White Lines: Épisode 5","5/23/20"
"White Lines: Épisode 4","5/23/20"
"White Lines: Épisode 3","5/23/20"
"White Lines: Épisode 2","5/23/20"
"White Lines: Épisode 1","5/23/20"
"The Eddy: Mini-série: Elliot","5/19/20"
"Circus of Books","5/19/20"
"Vikings: Saison 5: Visions","5/18/20"
"Vikings: Saison 5: Une histoire simple","5/18/20"
"Vikings: Saison 5: La plaisanterie","5/18/20"
"Vikings: Saison 5: Nouveau monde","5/16/20"
"Vikings: Saison 5: Mésalliances","5/16/20"
"Vikings: Saison 5: Le prisonnier","5/16/20"
"Vikings: Saison 5: En terre étrangère","5/16/20"
"Vikings: Saison 5: Parmi les miens","5/14/20"
"Vikings: Saison 5: Ceux qui ne sont plus parmi nous","5/14/20"
"Vikings: Saison 5: Départs","5/14/20"
"Vikings: Saison 4: À l'heure de notre mort","5/14/20"
"Vikings: Saison 4: À l'aube du dernier jour","5/14/20"
"Vikings: Saison 4: Vengeance","5/13/20"
"Vikings: Saison 4: La grande armée","5/13/20"
"Vikings: Saison 4: Traversées","5/13/20"
"Vikings: Saison 4: Tous ses anges","5/12/20"
"Vikings: Saison 4: À cette heure incertaine avant le matin","5/12/20"
"Vikings: Saison 4: Deux voyages","5/12/20"
"La casa de las flores: Saison 2: LOTUS (symb. le mystère)","5/11/20"
"La casa de las flores: Saison 2: IRIS (symb. la foi)","5/11/20"
"Vikings: Saison 4: La vision","5/11/20"
"Vikings: Saison 4: L'étranger","5/11/20"
"Vikings: Saison 4: Que Dieu bénisse Paris !","5/11/20"
"Vikings: Saison 4: La mort pour tous","5/10/20"
"Vikings: Saison 4: Au-delà des montagnes","5/10/20"
"Vikings: Saison 4: Pertes et profits","5/10/20"
"Vikings: Saison 4: Ce qui aurait pu être","5/10/20"
"La casa de las flores: Saison 2: ROSE (symb. l'unité)","5/10/20"
"La casa de las flores: Saison 1: COQUELICOT (symb. la résurrection)","5/10/20"
"Devenir","5/10/20"
"La casa de las flores: Saison 1: SISYMBRE (symb. l'adversité)","5/9/20"
"La casa de las flores: Saison 1: ORCHIDÉE (symb. la luxure)","5/9/20"
"Vikings: Saison 4: Promesses","5/9/20"
"Vikings: Saison 4: Yol","5/9/20"
"Vikings: Saison 4: Pitié","5/9/20"
"Vikings: Saison 4: Tuez la reine !","5/9/20"
"La casa de las flores: Saison 1: TUSSILAGE (symb. les soucis)","5/9/20"
"La casa de las flores: Saison 1: TULIPE (symb. l'espoir)","5/9/20"
"Vikings: Saison 4: Une bonne trahison","5/8/20"
"Vikings: Saison 3: Le dernier vaisseau","5/8/20"
"Vikings: Saison 3: Dernier recours","5/8/20"
"Vikings: Saison 3: Aux portes de la ville","5/8/20"
"La casa de las flores: Saison 1: BROMÉLIA (symb. la résilience)","5/7/20"
"Vikings: Saison 3: Paris","5/7/20"
"La casa de las flores: Saison 1: PIVOINE (symb. la honte)","5/7/20"
"La casa de las flores: Saison 1: MAGNOLIA (symb. la dignité)","5/7/20"
"Vikings: Saison 3: Renaître","5/7/20"
"La casa de las flores: Saison 1: DAHLIA (symb. la gratitude)","5/7/20"
"Vikings: Saison 3: L'usurpateur","5/7/20"
"La casa de las flores: Saison 1: PÉTUNIA (symb. la rancune)","5/7/20"
"Vikings: Saison 3: Dans la douleur","5/6/20"
"Vikings: Saison 3: Le destin du guerrier","5/6/20"
"Vikings: Saison 3: Retour à la terre","5/6/20"
"La casa de las flores: Saison 1: LYS (symb. la liberté)","5/5/20"
"Vikings: Saison 3: Mercenaires","5/5/20"
"La casa de las flores: Saison 1: CHRYSANTHÈME (symb. la douleur)","5/5/20"
"La casa de las flores: Saison 1: NARCISSE (symb. le mensonge)","5/5/20"
"Vikings: Saison 2: Notre Père","5/5/20"
"Vikings: Saison 2: Le choix","5/5/20"
"Vikings: Saison 2: Le désossé","5/5/20"
"Vikings: Saison 2: L'aigle de sang","5/5/20"
"Vikings: Saison 2: L'impossible pardon","5/4/20"
"Hollywood: Vive Hollywood - 2e partie","5/4/20"
"Vikings: Saison 2: Les liens du sang","5/4/20"
"Hollywood: Vive Hollywood","5/4/20"
"Borderliner: Le dilemme de Nikolai","5/4/20"
"Vikings: Saison 2: Œil pour œil","5/4/20"
"Vikings: Saison 2: Trahison","5/4/20"
"Sense8: Saison 2: Qui suis-je ?","5/4/20"
"Vikings: Saison 2: Fragile alliance","5/3/20"
"Headhunters","5/3/20"
"After Life: Saison 1: Épisode 4","5/3/20"
"After Life: Saison 1: Épisode 3","5/3/20"
"After Life: Saison 1: Épisode 2","5/3/20"
"After Life: Saison 1: Épisode 1","5/3/20"
"Case: Épisode 9","5/3/20"
"Vikings: Saison 2: Le sang des frères","5/2/20"
"Case: Épisode 8","5/2/20"
"Vikings: Saison 1: Renaissance","5/2/20"
"Case: Épisode 7","5/2/20"
"Vikings: Saison 1: Le sacrifice","5/2/20"
"Case: Épisode 6","5/2/20"
"Vikings: Saison 1: La rançon","5/2/20"
"Case: Épisode 5","5/2/20"
"Case: Épisode 4","5/2/20"
"Case: Épisode 3","5/2/20"
"Case: Épisode 2","5/2/20"
"Case: Épisode 1","5/2/20"
"Vikings: Saison 1: L'ultime drakkar","5/1/20"
"Deadwind: Saison 1: Le commencement","5/1/20"
"Vikings: Saison 1: Le raid","5/1/20"
"Vikings: Saison 1: Justice est faite","5/1/20"
"Deadwind: Saison 1: Ecchymoses","5/1/20"
"Deadwind: Saison 1: Sans les autres","4/30/20"
"Deadwind: Saison 1: Bons samaritains","4/29/20"
"Vikings: Saison 1: La pêche miraculeuse","4/29/20"
"Vikings: Saison 1: L'expédition","4/29/20"
"Deadwind: Saison 1: Thérapie","4/29/20"
"Deadwind: Saison 1: Racines","4/29/20"
"Deadwind: Saison 1: Crise de croissance","4/28/20"
"Deadwind: Saison 1: Le frère","4/28/20"
"La Trêve: Épisode 3","4/28/20"
"La Trêve: Épisode 2","4/28/20"
"Deadwind: Saison 1: L'enlèvement","4/28/20"
"Deadwind: Saison 1: Âme charitable","4/28/20"
"La Trêve: Épisode 1","4/28/20"
"Deadwind: Saison 1: La fête","4/27/20"
"Vikings: Saison 1: Cap à l'ouest","4/26/20"
"Deadwind: Saison 1: La veuve","4/26/20"
"Safe: Épisode 8","4/26/20"
"Safe: Épisode 7","4/26/20"
"Safe: Épisode 6","4/26/20"
"Safe: Épisode 3","4/25/20"
"Safe: Épisode 2","4/25/20"
"Safe: Épisode 1","4/25/20"
"Safe: Épisode 5","4/24/20"
"Safe: Épisode 4","4/24/20"
"Zona Rosa: Manu NNa","4/23/20"
"Le silence du marais","4/22/20"
"La casa de papel: Partie 4: Le plan Paris","4/21/20"
"La casa de papel: Partie 4: Frapper le QG","4/21/20"
"La casa de papel: Partie 4: KO technique","4/21/20"
"La casa de papel: Partie 4: Cinq minutes plus tôt","4/21/20"
"La casa de papel: Partie 4: Paso-doble","4/21/20"
"La casa de papel: Partie 4: Leçon d'anatomie","4/21/20"
"La casa de papel: Partie 4: Le mariage de Berlin","4/21/20"
"La casa de papel: Partie 4: Game over","4/20/20"
"La casa de papel: Partie 3: L'heure du dauphin","4/18/20"
"La casa de papel: Partie 3: 48 mètres sous terre","4/18/20"
"Code 8","4/15/20"
"L'un des nôtres","4/14/20"
"The World's Most Extraordinary Homes: Saison 2 Partie B: Espagne","4/6/20"
"La casa de papel: Partie 3: Aïkido","4/6/20"
"La casa de papel: Partie 3: On est de retour","4/6/20"
"La casa de papel: Partie 1: Épisode 1","4/6/20"
"La casa de papel : Le phénomène","4/5/20"
"Tiger King: Culte de la personnalité","4/3/20"
"Tiger King: Un homme pas comme les autres","4/3/20"
"La casa de papel: Partie 3: La dérive","4/3/20"
"Unorthodox: Mini-série: Partie 4","4/1/20"
"Unorthodox: Mini-série: Partie 3","4/1/20"
"Unorthodox: Mini-série: Partie 2","4/1/20"
"Unorthodox: Mini-série: Partie 1","4/1/20"
"Sex Education: Saison 1: Épisode 3","3/31/20"
"Sex Education: Saison 1: Épisode 2","3/31/20"
"The Rain: Saison 2: La vérité blesse","3/31/20"
"Élite: Saison 3: Polo","3/31/20"
"The Mire: Épisode 5","3/31/20"
"The Mire: Épisode 1","3/31/20"
"Élite: Saison 3: Nadia et Omar","3/31/20"
"The Mire: Épisode 4","3/30/20"
"Élite: Saison 3: Rebeka","3/30/20"
"The Mire: Épisode 3","3/30/20"
"Élite: Saison 3: Ander","3/30/20"
"The Mire: Épisode 2","3/30/20"
"Élite: Saison 3: Lu","3/30/20"
"Élite: Saison 3: Cayetana et Valerio","3/30/20"
"Élite: Saison 3: Samuel et Guzmán","3/29/20"
"Pas un bruit","3/29/20"
"Ozark: Saison 1: Sucre d'orge","3/29/20"
"Élite: Saison 3: Carla","3/29/20"
"Ugly Delicious: Saison 1: Tacos","3/29/20"
"The Story of God with Morgan Freeman: La fin des temps","3/29/20"
"Grace et Frankie: Saison 1: Les vœux","3/29/20"
"The Story of God with Morgan Freeman: La vie après la mort","3/29/20"
"Grace et Frankie: Saison 1: L'enterrement de vie de garçon","3/29/20"
"Unorthodox : Le making-of","3/29/20"
"Élite: Saison 2: La disparition","3/29/20"
"Élite: Saison 2: Disparu depuis 84 heures","3/29/20"
"Élite: Saison 2: Disparu depuis 66 heures","3/29/20"
"Élite: Saison 2: Disparu depuis 63 heures","3/29/20"
"Élite: Saison 2: Disparu depuis 59 heures","3/29/20"
"Élite: Saison 2: Disparu depuis 36 heures","3/29/20"
"Élite: Saison 2: Disparu depuis 34 heures","3/28/20"
"Élite: Saison 2: Disparu depuis 20 heures","3/28/20"
"Freud: Hystérie","3/24/20"
"The Irishman","3/22/20"
"Easy: Saison 1: Cendrillon est végétalienne","3/21/20"
"Easy: Saison 1: Mariés, deux enfants","3/21/20"
"Les Chroniques de San Francisco: Mini-série: Le prix de l'essence","3/21/20"
"Kalifat: Épisode 8","3/21/20"
"Kalifat: Épisode 7","3/21/20"
"Gaga: Five Foot Two","3/21/20"
"Kalifat: Épisode 6","3/21/20"
"Kalifat: Épisode 5","3/21/20"
"Kalifat: Épisode 4","3/21/20"
"Kalifat: Épisode 3","3/21/20"
"Kalifat: Épisode 2","3/21/20"
"Kalifat: Épisode 1","3/21/20"
"Les Meurtres de Valhalla: Un monstre dans les ténèbres","3/20/20"
"Les Meurtres de Valhalla: Le tournant","3/20/20"
"What Happened, Miss Simone?","3/19/20"
"The Great Hack : L'affaire Cambridge Analytica","3/19/20"
"Voulez-vous rire avec moi ce soir?","3/19/20"
"Gazon maudit","3/19/20"
"Les Meurtres de Valhalla: Un lieu caché","3/18/20"
"Les Meurtres de Valhalla: À la vue de tous","3/18/20"
"Les Meurtres de Valhalla: Cicatrices","3/18/20"
"Fary : Hexagone: Saison 1: Partie 1","3/18/20"
"Master of None: Saison 1: Deuxième génération","3/16/20"
"Master of None: Saison 1: Plan B","3/16/20"
"Sur ma peau","3/15/20"
"Lost Girls","3/15/20"
"Dirty Money: Saison 2: Les roues de la diligence","3/15/20"
"100 Humans: À chacun sa beauté","3/15/20"
"Below Her Mouth","3/14/20"
"Les Vestiges du jour","3/14/20"
"Le silence de la ville blanche","3/14/20"
"Une vie à t'attendre","3/13/20"
"The Rain: Saison 2: Évitez tout contact","3/13/20"
"Holding the Man","3/4/20"
"La Cité de la peur","3/3/20"
"Ugly Delicious: Saison 1: Pizza","3/1/20"
"Eastsiders: Saison 4: En avant toute !","2/28/20"
"Eastsiders: Saison 1: Épisode 1","2/28/20"
"People You May Know","2/27/20"
"L'affaire Gabriel Fernandez: Mini-série: Le choc","2/27/20"
"Madame Bovary","2/26/20"
"Sense8: Saison 2: Une p*** de bonne année à tous","2/26/20"
"Haute Couture","2/26/20"
"Peaky Blinders: Saison 5: Monsieur Jones","2/25/20"
"Peaky Blinders: Saison 5: Boum","2/24/20"
"Peaky Blinders: Saison 5: La boucle","2/24/20"
"Sense8: Saison 1: Je ne peux pas l'abandonner","2/24/20"
"Sense8: Saison 1: Fais demi-tour et change l'avenir","2/24/20"
"Le Prix À Payer","2/22/20"
"Grace et Frankie: Saison 1: Les secrets","2/22/20"
"Grace et Frankie: Saison 1: L'ascenseur","2/22/20"
"Je fais le mort","2/22/20"
"Sa dernière volonté","2/22/20"
"Peaky Blinders: Saison 5: Stratégies","2/19/20"
"Peaky Blinders: Saison 5: Mauvais augures","2/19/20"
"Peaky Blinders: Saison 5: Le mardi noir","2/18/20"
"Peaky Blinders: Saison 4: La société","2/17/20"
"Peaky Blinders: Saison 4: Le duel","2/17/20"
"House of Cards: Saison 5: Chapitre 65","2/14/20"
"House of Cards: Saison 5: Chapitre 64","2/14/20"
"House of Cards: Saison 5: Chapitre 63","2/14/20"
"Peaky Blinders: Saison 4: Dangereuse","2/14/20"
"Peaky Blinders: Saison 4: Blackbird","2/14/20"
"La Terre, La Nuit: Mini-série: Des plaines au clair de lune","2/14/20"
"Peaky Blinders: Saison 4: Sauvages","2/14/20"
"Peaky Blinders: Saison 4: La corde au cou","2/13/20"
"Marcella: Saison 2: Épisode 8","2/13/20"
"Peaky Blinders: Saison 3: Épisode 6","2/12/20"
"Peaky Blinders: Saison 3: Épisode 5","2/12/20"
"Peaky Blinders: Saison 3: Épisode 4","2/11/20"
"Peaky Blinders: Saison 3: Épisode 3","2/10/20"
"La Terre, La Nuit : La face cachée","2/7/20"
"Peaky Blinders: Saison 3: Épisode 2","2/6/20"
"House of Cards: Saison 5: Chapitre 62","2/5/20"
"House of Cards: Saison 5: Chapitre 61","2/5/20"
"Peaky Blinders: Saison 3: Épisode 1","2/4/20"
"Peaky Blinders: Saison 2: Épisode 6","2/4/20"
"Peaky Blinders: Saison 2: Épisode 5","2/3/20"
"Peaky Blinders: Saison 2: Épisode 4","2/3/20"
"Marcella: Saison 2: Épisode 7","2/2/20"
"Marcella: Saison 2: Épisode 6","2/2/20"
"Marcella: Saison 2: Épisode 5","2/2/20"
"Marcella: Saison 2: Épisode 4","2/2/20"
"Marcella: Saison 2: Épisode 3","2/2/20"
"Marcella: Saison 2: Épisode 2","2/2/20"
"Marcella: Saison 2: Épisode 1","2/2/20"
"Marcella: Saison 1: Épisode 8","2/2/20"
"Marcella: Saison 1: Épisode 7","2/2/20"
"House of Cards: Saison 5: Chapitre 60","1/31/20"
"House of Cards: Saison 5: Chapitre 59","1/31/20"
"House of Cards: Saison 5: Chapitre 58","1/31/20"
"House of Cards: Saison 5: Chapitre 57","1/31/20"
"Peaky Blinders: Saison 2: Épisode 3","1/28/20"
"Marcella: Saison 1: Épisode 6","1/26/20"
"Borderliner: Le secret d'Hans Olav","1/26/20"
"Borderliner: La chance de Josef","1/26/20"
"Borderliner: Le futur de Milla","1/26/20"
"Borderliner: Le destin de Bengt","1/26/20"
"Borderliner: Le témoignage d'Ove","1/26/20"
"Borderliner: La traque d'Anniken","1/26/20"
"Borderliner: Le mensonge de Lars","1/26/20"
"Marcella: Saison 1: Épisode 5","1/25/20"
"Marcella: Saison 1: Épisode 4","1/25/20"
"Marcella: Saison 1: Épisode 3","1/25/20"
"Marcella: Saison 1: Épisode 2","1/25/20"
"Marcella: Saison 1: Épisode 1","1/25/20"
"Glacé: Épisode 2","1/24/20"
"Glacé: Épisode 1","1/24/20"
"House of Cards: Saison 5: Chapitre 56","1/24/20"
"House of Cards: Saison 5: Chapitre 55","1/22/20"
"House of Cards: Saison 5: Chapitre 54","1/22/20"
"House of Cards: Saison 5: Chapitre 53","1/22/20"
"House of Cards: Saison 4: Chapitre 52","1/22/20"
"House of Cards: Saison 4: Chapitre 51","1/22/20"
"Grace et Frankie: Saison 1: L'invitation","1/21/20"
"Grace et Frankie: Saison 1: Le sexe","1/21/20"
"Grace et Frankie: Saison 1: Le concours d'orthographe","1/20/20"
"Titans: Saison 2: Rose","1/20/20"
"Titans: Saison 2: Trigon","1/20/20"
"Grace et Frankie: Saison 1: Le tremblement de terre","1/19/20"
"Grace et Frankie: Saison 1: La chute","1/19/20"
"Grace et Frankie: Saison 1: L'enterrement","1/19/20"
"Grace et Frankie: Saison 1: Le dîner","1/19/20"
"Grace et Frankie: Saison 1: Les cartes de crédit","1/19/20"
"Grace et Frankie: Saison 1: La fin","1/18/20"
"Messiah: Le salaire du péché","1/17/20"
"Messiah: Dieu est grand","1/17/20"
"Messiah: Un acte divin","1/16/20"
"Messiah: Une chose arrive sans que le Seigneur l'ait ordonnée","1/16/20"
"Criminal: France: Mini-série: Jérôme","1/14/20"
"Criminal: France: Mini-série: Caroline","1/14/20"
"Messiah: Nous ne mourrons pas tous","1/12/20"
"Marseille: Saison 2: Justice","1/12/20"
"Marseille: Saison 2: Abandon","1/12/20"
"Marseille: Saison 2: Révélation","1/12/20"
"Marseille: Saison 2: Capitulation","1/12/20"
"Messiah: En voyant, ils ne voient point","1/12/20"
"Messiah: Procès","1/12/20"
"Messiah: Le doigt de Dieu","1/12/20"
"Messiah: Révolte","1/12/20"
"Marseille: Saison 2: Résistance","1/11/20"
"Marseille: Saison 2: Conquête","1/11/20"
"Messiah: Celui qui a des oreilles","1/11/20"
"Marseille: Saison 2: Emprise","1/11/20"
"Marseille: Saison 2: Parjure","1/11/20"
"Marseille: Saison 1: La lutte finale","1/11/20"
"The First Temptation of Christ","1/10/20"
"Marseille: Saison 1: A voté","1/9/20"
"Marseille: Saison 1: Liberté, Égalité, sans Pitié","1/9/20"
"Marseille: Saison 1: Face à face","1/9/20"
"Marseille: Saison 1: Intox","1/9/20"
"Marseille: Saison 1: Crocodile","1/8/20"
"Marseille: Saison 1: Homme de paille","1/8/20"
"Marseille: Saison 1: 20 ans","1/8/20"
"Le sexe, en bref: Mini-série: Fantasmes sexuels","1/7/20"
"Peaky Blinders: Saison 2: Épisode 2","1/3/20"
"Peaky Blinders: Saison 2: Épisode 1","1/3/20"
"Peaky Blinders: Saison 1: Épisode 6","1/2/20"
"Peaky Blinders: Saison 1: Épisode 5","1/2/20"
"Peaky Blinders: Saison 1: Épisode 4","1/2/20"
"Peaky Blinders: Saison 1: Épisode 3","1/1/20"
"Peaky Blinders: Saison 1: Épisode 2","1/1/20"
"Le Bazar de la Charité: Le bazar de la charité: Episode 1","12/31/19"
"Le Chalet: Episode 1","12/31/19"
"You: Saison 2: Nouveau départ","12/31/19"
"Peaky Blinders: Saison 1: Épisode 1","12/30/19"
"Le Chalet: Episode 2","12/30/19"
"Orange Is the New Black: Saison 1: La poule","12/29/19"
"Orange Is the New Black: Saison 1: Ennemis imaginaires","12/29/19"
"Les deux Papes","12/29/19"
"Bobby Kennedy for President: Chapitres 1 à 4: Rendre justice à Robert Kennedy","12/21/19"
"Alta mar: Saison 1: La tempête","12/19/19"
"Alta mar: Saison 1: Changement de cap","12/19/19"
"Bobby Kennedy for President: Chapitres 1 à 4: Nous n'avons qu'une vie","12/19/19"
"Bobby Kennedy for President: Chapitres 1 à 4: Je veux servir le peuple","12/19/19"
"Les mystères de Scotland Yard","12/18/19"
"L'histoire secrète des États-Unis: La Maison-Blanche","12/18/19"
"Alta mar: Saison 1: Sofía","12/18/19"
"Alta mar: Saison 1: Les alliances","12/18/19"
"Eastsiders: Saison 4: L'envers du décor","12/18/19"
"Eastsiders: Saison 4: Confidences sur l'oreiller","12/18/19"
"Eastsiders: Saison 4: Retour à l'est","12/18/19"
"Eastsiders: Saison 4: Ça va devenir viral","12/18/19"
"Alta mar: Saison 1: L'albatros","12/17/19"
"Criminal: France: Mini-série: Émilie","12/16/19"
"Criminal : Allemagne: Mini-série: Claudia","12/16/19"
"Eastsiders: Saison 4: Ce genre de relation","12/16/19"
"The Crown: Saison 3: Olding","12/15/19"
"Eastsiders: Saison 3: Thelma et Louise","12/15/19"
"Marianne: Tu les rêves","12/15/19"
"The Royal House of Windsor: Incendie, conflit et colère","12/13/19"
"The Royal House of Windsor: La plus haute fonction","12/13/19"
"The Royal House of Windsor: L'ombre d'un roi","12/13/19"
"The Royal House of Windsor: L'outsider","12/11/19"
"The Royal House of Windsor: L'amour et le devoir","12/11/19"
"Marriage Story","12/11/19"
"Rotten: Saison 2: La guerre de l'avocat","12/11/19"
"Comment élever un super-héros: Saison 1: NUMÉRO 109 : Le tueur de tempête","12/10/19"
"The Royal House of Windsor: S'adapter ou mourir","12/10/19"
"The Game Changers","12/10/19"
"Comment élever un super-héros: Saison 1: NUMÉRO 108 : Ne le mettez pas en colère, vous risqueriez de le regretter","12/8/19"
"Grégory: Mini-série: Épisode 5","12/3/19"
"Grégory: Mini-série: Épisode 4","12/2/19"
"Grégory: Mini-série: Épisode 3","12/2/19"
"Grégory: Mini-série: Épisode 2","11/27/19"
"Grégory: Mini-série: Épisode 1","11/26/19"
"El Camino : Un film Breaking Bad","11/21/19"
"Living with Yourself: Ce fut un plaisir","11/13/19"
"Living with Yourself: Piña colada","11/13/19"
"Le formidable envol  de Motti Wolkenbruch","11/10/19"
"Living with Yourself: Voisins et amis","11/6/19"
"Comment élever un super-héros: Saison 1: NUMÉRO 107 : Pourquoi cet air si nauséeux ?","11/6/19"
"Living with Yourself: Va Bene","11/5/19"
"Living with Yourself: Âme sœur","11/5/19"
"Living with Yourself: Thé vert","11/5/19"
"Living with Yourself: Fabriqué dans une zone commerciale","11/3/19"
"Living with Yourself: Un meilleur vous","11/2/19"
"La Fracture","11/2/19"
"Mission déco: Épisode 1","11/1/19"
"Comment élever un super-héros: Saison 1: NUMÉRO 106 : Le plein de super","10/30/19"
"Comment élever un super-héros: Saison 1: NUMÉRO 105 : Mark au futur antérieur","10/30/19"
"Comment élever un super-héros: Saison 1: NUMÉRO 104 : Bienvenue chez BIONA. Espérons que vous survivrez à l'expérience","10/30/19"
"The Laundromat : L'affaire des Panama Papers","10/28/19"
"Comment élever un super-héros: Saison 1: NUMÉRO 103 : Le gardien de la montre","10/25/19"
"Comment élever un super-héros: Saison 1: NUMÉRO 102 : Forteresse de la Solitude","10/23/19"
"Comment élever un super-héros: Saison 1: NUMÉRO 101 : Comment élever un super-héros ?","10/22/19"
"Rotten: Saison 1: Haleine d'ail","10/22/19"
"Rotten: Saison 1: Le problème de la cacahuète","10/22/19"
"Rotten: Saison 1: Avocats, armes et miel","10/22/19"
"Dans les hautes herbes","10/21/19"
"Zone Blanche: Quand on arrive en ville","10/21/19"
"Bates Motel: Saison 3: Chantage","10/15/19"
"La Mante: Épisode 2","10/9/19"
"La Mante: Épisode 1","10/9/19"
"Orange Is the New Black: Saison 1: Traitement de faveur refusé","10/9/19"
"Mater","10/6/19"
"Orange Is the New Black: Saison 1: La boulette","10/4/19"
"Orange Is the New Black: Saison 1: Je n'étais pas prête","9/28/19"
"Oprah Winfrey présente : Dans leur regard","9/28/19"
"Dans leur regard: Mini-série: Partie 4","9/28/19"
"Dans leur regard: Mini-série: Partie 2","9/27/19"
"Dans leur regard: Mini-série: Partie 1","9/27/19"
"Unbelievable: Mini-série: Épisode 3","9/24/19"
"Unbelievable: Mini-série: Épisode 2","9/24/19"
"Unbelievable: Mini-série: Épisode 1","9/24/19"
"Criminal : Allemagne: Mini-série: Yilmaz","9/22/19"
"Criminal : Allemagne: Mini-série: Jochen","9/22/19"
"Luther: Le mal en soi","9/17/19"
"The Assassination of Gianni Versace: Seul sur scène","9/17/19"
"The Assassination of Gianni Versace: Destruction créatrice","9/17/19"
"The Assassination of Gianni Versace: De l'ombre à la lumière","9/17/19"
"The Assassination of Gianni Versace: La chute","9/17/19"
"The Assassination of Gianni Versace: La loi du silence","9/16/19"
"The Assassination of Gianni Versace: La maison près du lac","9/16/19"
"The Assassination of Gianni Versace: Le meurtre d'un vieil homme","9/15/19"
"The Assassination of Gianni Versace: Chasse à l'homme","9/15/19"
"The Assassination of Gianni Versace: Celui qui voulait exister","9/15/19"
"Le cerveau, en bref: Saison 1: Les souvenirs","9/14/19"
"Les Chroniques de San Francisco: Mini-série: T'es content maintenant ?","9/10/19"
"Falling Inn Love","9/6/19"
"Gotham: Saison 2: À chacun sa vérité","9/5/19"
"Gotham: Saison 2: Le feu du désespoir","9/5/19"
"Gotham: Saison 2: Le bras de la vengeance","9/5/19"
"Gotham: Saison 2: La force de frappe","9/5/19"
"Gotham: Saison 2: Rira bien qui rira le dernier","9/5/19"
"Gotham: Saison 2: Les Maniax attaquent","9/5/19"
"Gotham: Saison 2: Le secret de Thomas Wayne","9/5/19"
"Gotham: Gotham à feu et à sang","9/5/19"
"Gotham: Le marteau ou l'enclume","9/5/19"
"Gotham: À visage découvert","9/5/19"
"Nymphomaniac: Part 1","9/5/19"
"American Horror Story: Roanoke: Chapitre 2","9/4/19"
"American Horror Story: Roanoke: Chapitre 1","9/4/19"
"Murder: Saison 5: L'enfer des vivants","9/1/19"
"Murder: Saison 5: L'ennemi","8/31/19"
"Murder: Saison 5: Joyeux Noël","8/31/19"
"Murder: Saison 5: Pression et compromission","8/31/19"
"Murder: Saison 5: Le choix du martyr","8/31/19"
"Murder: Saison 5: Un cafard noir","8/31/19"
"Murder: Saison 5: Trahison","8/31/19"
"Murder: Saison 5: Jusqu'au dernier jour","8/31/19"
"Murder: Saison 5: Machiavelle","8/31/19"
"Murder: Saison 5: Protéger","8/31/19"
"La casa de papel: Partie 3: Petites vacances","8/30/19"
"La casa de papel: Partie 2: Épisode 7","8/30/19"
"Murder: Saison 5: La pire journée de ma vie","8/30/19"
"Murder: Saison 5: Des pères et des fils","8/30/19"
"Murder: Saison 5: Histoires de famille","8/29/19"
"Murder: Saison 5: Un mariage sanglant","8/29/19"
"Murder: Saison 5: Le prix à payer","8/28/19"
"13 Reasons Why: Saison 2: Notre petite fille","8/28/19"
"13 Reasons Why: Saison 2: Troisième polaroid","8/28/19"
"13 Reasons Why: Saison 2: Le sourire au bout du quai","8/28/19"
"13 Reasons Why: Saison 2: La traceuse de terrain","8/27/19"
"La casa de papel: Partie 3: Plus rien n'avait d'importance","8/23/19"
"La casa de papel: Partie 3: Boum, boum, ciao","8/23/19"
"La casa de papel: Partie 2: Épisode 9","8/19/19"
"La casa de papel: Partie 2: Épisode 8","8/19/19"
"La casa de papel: Partie 2: Épisode 6","8/18/19"
"La casa de papel: Partie 2: Épisode 5","8/17/19"
"La casa de papel: Partie 2: Épisode 4","8/17/19"
"La casa de papel: Partie 2: Épisode 3","8/17/19"
"Wild Wild Country: Mini-série: Partie 3","8/17/19"
"Wild Wild Country: Mini-série: Partie 2","8/17/19"
"La casa de papel: Partie 2: Épisode 2","8/17/19"
"La casa de papel: Partie 2: Épisode 1","8/17/19"
"La casa de papel: Partie 1: Épisode 13","8/17/19"
"La casa de papel: Partie 1: Épisode 12","8/17/19"
"La casa de papel: Partie 1: Épisode 11","8/17/19"
"Wild Wild Country: Mini-série: Partie 1","8/17/19"
"La casa de papel: Partie 1: Épisode 10","8/16/19"
"La casa de papel: Partie 1: Épisode 9","8/16/19"
"Les derniers tsars: Mini-série: Anarchie","8/16/19"
"La casa de papel: Partie 1: Épisode 8","8/15/19"
"La casa de papel: Partie 1: Épisode 7","8/15/19"
"La casa de papel: Partie 1: Épisode 6","8/15/19"
"La casa de papel: Partie 1: Épisode 5","8/15/19"
"La casa de papel: Partie 1: Épisode 4","8/15/19"
"La casa de papel: Partie 1: Épisode 3","8/15/19"
"La casa de papel: Partie 1: Épisode 2","8/15/19"
"Example Show: Saison 2 (2017): Épisode 2","8/11/19"
"Example Show: Saison 2 (2017): Épisode 1","8/11/19"
"Les derniers tsars: Mini-série: Le garçon","8/9/19"
"Les derniers tsars: Mini-série: L'élu","8/9/19"
"Stranger Things: Stranger Things 3: Chapitre huit : La bataille de Starcourt","8/7/19"
"Stranger Things: Stranger Things 3: Chapitre sept : La morsure","8/7/19"
"Je préfère qu'on reste amis","8/7/19"
"Stranger Things: Stranger Things 3: Chapitre six : E Pluribus Unum","8/7/19"
"Stranger Things: Stranger Things 3: Chapitre cinq : L'armada","8/6/19"
"Stranger Things: Stranger Things 3: Chapitre quatre : Le sauna","8/6/19"
"Stranger Things: Stranger Things 3: Chapitre trois : La maître-nageuse disparue","8/5/19"
"Stranger Things: Stranger Things 3: Chapitre deux : Comme des rats","8/5/19"
"Stranger Things: Stranger Things 3: Chapitre un : Suzie, tu me reçois ?","8/4/19"
"Stranger Things: Chapitre un : La disparition de Will Byers","8/4/19"
"Psychose","8/4/19"
"Dark: Saison 2: Le diable blanc","8/3/19"
"Dark: Saison 2: Un cycle sans fin","8/3/19"
"Dark: Saison 2: Perdus et retrouvés","8/3/19"
"Dark: Saison 2: Les voyageurs","8/3/19"
"Dark: Saison 2: Fantômes","8/3/19"
"Dark: Saison 2: Sombre matière","8/2/19"
"Dark: Saison 2: Le début et la fin","8/1/19"
"House of Cards: Saison 4: Chapitre 50","8/1/19"
"Les Chroniques de San Francisco: Mini-série: Semeuse de trouble","7/12/19"
" : Épisode 1","6/25/19"
"Secret City: Under the Eagle: Cheval Pâle","6/20/19"
"Murder Mystery","6/19/19"
"Black Mirror: Saison 5: Rachel, Jack et Ashley Too","6/18/19"
"Black Mirror: Saison 5: Smithereens","6/18/19"
"Good Girls: Saison 2: Roi","6/16/19"
"Good Girls: Saison 2: Jeff","6/16/19"
"Good Girls: Saison 2: La saison de la chasse","6/16/19"
"Good Girls: Saison 2: Ce pays est votre pays","6/16/19"
"Good Girls: Saison 2: Une dernière fois","6/16/19"
"Good Girls: Saison 2: Thelma et Louise","6/16/19"
"Good Girls: Saison 2: Le doudou","6/16/19"
"Good Girls: Saison 2: Enlève ton pantalon","6/16/19"
"WHAT / IF: 1re partie: Quelle histoire !","6/15/19"
"Good Girls: Saison 2: Tout doit disparaître","6/15/19"
"Les Chroniques de San Francisco: Mini-série: Retour au bercail","6/12/19"
"Good Girls: Saison 2: Choisis ton poison","6/8/19"
"WHAT / IF: 1re partie: Quelle est la suite ?","6/7/19"
"Good Girls: Saison 2: Vous êtes bien sur la messagerie…","6/5/19"
"Good Girls: Saison 2: Ralentissez, des enfants jouent","6/5/19"
"Dikkenek","6/2/19"
"Saint-Jacques... La Mecque","6/2/19"
"Burn After Reading","6/1/19"
"Good Girls: Saison 2: Travaux manuels","6/1/19"
"WHAT / IF: 1re partie: Quelle comédie !","5/31/19"
"WHAT / IF: 1re partie: Que s'est-il passé ?","5/31/19"
"WHAT / IF: 1re partie: Que faire ?","5/31/19"
"WHAT / IF: 1re partie: Pilote","5/30/19"
"13 Novembre : Fluctuat Nec Mergitur: Mini-série: Épisode 3","5/26/19"
"13 Novembre : Fluctuat Nec Mergitur: Mini-série: Épisode 2","5/23/19"
"13 Novembre : Fluctuat Nec Mergitur: Mini-série: Épisode 1","5/23/19"
"Un petit jeu sans conséquence","5/23/19"
"En bref: Saison 1: La monogamie","5/19/19"
"En bref: Saison 1: L'orgasme féminin","5/19/19"
"En bref: Saison 1: Le cricket","5/19/19"
"En bref: Saison 1: Pourquoi les régimes échouent","5/19/19"
"En bref: Saison 1: L'herbe","5/19/19"
"C'est ma famille","5/19/19"
"See You Yesterday","5/19/19"
"Malgré tout","5/10/19"
"Extremely Wicked, Shockingly Evil and Vile","5/5/19"
"BONDING: Saison 1: Pete la panique","5/3/19"
"BONDING: Saison 1: On se connaît ?","5/3/19"
" : Épisode 1","5/3/19"
"Bates Motel: Saison 3: Inébranlable","5/2/19"
"Bates Motel: Saison 3: Persuasion","5/1/19"
"Bates Motel: Saison 3: Le club Arcanum","5/1/19"
"Bates Motel: Saison 3: Une mort dans la famille","4/28/19"
"Osmosis: Les complications","4/24/19"
"Osmosis: L'âme sœur","4/24/19"
"Love, Death & Robots: Volume 1: UNE GUERRE SECRÈTE","4/21/19"
"Special: Saison 1: Chapitre huit : Cinquante nuances de gay","4/21/19"
"Quelqu'un de bien","4/20/19"
"Special: Saison 1: Chapitre sept : Rencard à l'aveugle et en sourd","4/15/19"
"Trainspotting","4/14/19"
"Special: Saison 1: Chapitre six : Une belle main","4/14/19"
"Bates Motel: Saison 2: L'insoutenable vérité","4/14/19"
"Notre planète: Une seule planète","4/14/19"
"Special: Saison 1: Chapitre cinq : Les mamalogues du vagin","4/14/19"
"Special: Saison 1: Chapitre quatre : La crémaillère","4/14/19"
"Special: Saison 1: Chapitre trois : Les scones à l'œil","4/14/19"
"Special: Saison 1: Chapitre deux : Le grand bain","4/14/19"
"Special: Saison 1: Chapitre un : Infirmité Motrice Méga LOL","4/14/19"
"Tu emmènerais qui sur une île déserte ?","4/13/19"
"Bates Motel: Saison 2: Réminiscences","4/12/19"
"Bates Motel: Saison 2: La guerre est déclarée","4/12/19"
"Bates Motel: Saison 2: Présumé innocent","4/12/19"
"Bates Motel: Saison 2: Le grand plongeon","4/10/19"
"Bates Motel: Saison 2: L’échappée belle","4/10/19"
"Luther: Saison 5: Épisode 4","4/10/19"
"Luther: Saison 5: Épisode 3","4/10/19"
"Luther: Saison 5: Épisode 2","4/10/19"
"Luther: Saison 5: Épisode 1","4/9/19"
"Luther: Saison 4: Affamé","4/9/19"
"Bates Motel: Saison 2: État second","4/8/19"
"House of Cards: Saison 4: Chapitre 49","4/6/19"
"House of Cards: Saison 4: Chapitre 48","4/6/19"
"House of Cards: Saison 4: Chapitre 47","4/6/19"
"House of Cards: Saison 4: Chapitre 46","4/6/19"
"House of Cards: Saison 4: Chapitre 45","4/6/19"
"House of Cards: Saison 4: Chapitre 44","4/5/19"
"House of Cards: Saison 4: Chapitre 43","4/5/19"
"House of Cards: Saison 4: Chapitre 42","4/5/19"
"House of Cards: Saison 4: Chapitre 41","4/4/19"
"House of Cards: Saison 4: Chapitre 40","4/3/19"
"House of Cards: Saison 3: Chapitre 39","4/3/19"
"House of Cards: Saison 3: Chapitre 38","4/3/19"
"Osmosis: Le test","4/3/19"
"Bates Motel: Saison 2: Les fantômes du passé","4/1/19"
"Bates Motel: Saison 2: L'ombre d'un doute","3/31/19"
"Bates Motel: Saison 2: Obsession","3/31/19"
"Love, Death & Robots: Volume 1: HISTOIRES ALTERNATIVES","3/31/19"
"Love, Death & Robots: Volume 1: L'ÂGE DE GLACE","3/31/19"
"Love, Death & Robots: Volume 1: ANGLE MORT","3/31/19"
"Love, Death & Robots: Volume 1: L'ŒUVRE DE ZIMA","3/31/19"
"Love, Death & Robots: Volume 1: LUCKY 13","3/31/19"
"Love, Death & Robots: Volume 1: LES ESPRITS DE LA NUIT","3/31/19"
"Love, Death & Robots: Volume 1: LE COUP DE MAIN","3/31/19"
"Love, Death & Robots: Volume 1: MÉTAMORPHES","3/31/19"
"Love, Death & Robots: Volume 1: LA DÉCHARGE","3/31/19"
"Secret City: Under the Eagle: Zone de guerre","3/30/19"
"Bates Motel: L’homme de la situation","3/29/19"
"Bates Motel: Pris à la gorge","3/29/19"
"Love, Death & Robots: Volume 1: BONNE CHASSE","3/29/19"
"Love, Death & Robots: Volume 1: DERRIÈRE LA FAILLE","3/29/19"
"Love, Death & Robots: Volume 1: LA REVANCHE DU YAOURT","3/29/19"
"Love, Death & Robots: Volume 1: UN VIEUX DÉMON","3/29/19"
"Love, Death & Robots: Volume 1: DES FERMIERS ÉQUIPÉS","3/29/19"
"Bates Motel: L’art de la taxidermie","3/28/19"
"Bates Motel: L’homme de la chambre 9","3/27/19"
"Bates Motel: La peur au ventre","3/27/19"
"Love, Death & Robots: Volume 1: LE TÉMOIN","3/27/19"
"Love, Death & Robots: Volume 1: LES TROIS ROBOTS","3/27/19"
"Love, Death & Robots: Volume 1: L'AVANTAGE DE SONNIE","3/27/19"
"Bates Motel: Délivrance","3/26/19"
"Bates Motel: L’étau se resserre","3/26/19"
"Bates Motel: Sueurs froides","3/25/19"
"Mirage","3/24/19"
"L'arbre de sang","3/24/19"
"Lucifer: Saison 1: Au commencement...","3/24/19"
"My Husband Won't Fit: Épisode 1","3/24/19"
"Bird Box","3/23/19"
"Bates Motel: Suspicions","3/22/19"
"Antoine Griezmann : Champion Du Monde","3/22/19"
"Bates Motel: La veuve noire","3/21/19"
"House of Cards: Saison 3: Chapitre 37","3/20/19"
"Hinterland: Musique de nuit","3/18/19"
"Triple frontière","3/17/19"
"Isn't It Romantic","3/15/19"
"Umbrella Academy: Saison 1: Le Violon blanc","3/15/19"
"Umbrella Academy: Saison 1: Changements","3/15/19"
"Umbrella Academy: Saison 1: J'ai entendu une rumeur","3/12/19"
"Umbrella Academy: Saison 1: Le jour que l'on regrette","3/12/19"
"Umbrella Academy: Saison 1: Le jour que l'on attend","3/12/19"
"Secret City: Under the Eagle: Le coup du Lapin","3/10/19"
"Blacklist: Saison 1: Frederick Barnes","3/9/19"
"Umbrella Academy: Saison 1: Numéro Cinq","3/9/19"
"Blacklist: Saison 1: Gina Zanetakos","3/8/19"
"Blacklist: Saison 1: Le freelance","3/8/19"
"Blacklist: Saison 1: Le coursier","3/8/19"
"Blacklist: Saison 1: Le marmiton","3/7/19"
"Blacklist: Saison 1: Wujing","3/7/19"
"Blacklist: Saison 1: La liste","3/6/19"
"Umbrella Academy: Saison 1: L'homme sur la Lune","3/6/19"
"Umbrella Academy: Saison 1: Extra ordinaire","3/6/19"
"Umbrella Academy: Saison 1: Cours !","3/6/19"
"Quelque chose à te dire","3/5/19"
"Umbrella Academy: Saison 1: On ne se voit qu'aux mariages et aux enterrements","3/5/19"
"La défense Lincoln","3/1/19"
"7 jours: Le défilé CHANEL haute couture","2/25/19"
"7 jours: Concours canin à Westminster","2/25/19"
"Close","2/21/19"
"Occupied: Saison 2: Février - 2e partie","2/21/19"
"Occupied: Saison 2: Août","2/21/19"
"Occupied: Décembre - 2e partie","2/21/19"
"House of Cards: Saison 3: Chapitre 36","2/21/19"
"House of Cards: Saison 3: Chapitre 35","2/21/19"
"House of Cards: Saison 3: Chapitre 34","2/21/19"
"House of Cards: Saison 3: Chapitre 33","2/20/19"
"House of Cards: Saison 3: Chapitre 32","2/19/19"
"House of Cards: Saison 3: Chapitre 31","2/18/19"
"House of Cards: Saison 3: Chapitre 30","2/18/19"
"House of Cards: Saison 3: Chapitre 29","2/18/19"
"House of Cards: Saison 3: Chapitre 28","2/15/19"
"House of Cards: Saison 3: Chapitre 27","2/15/19"
"House of Cards: Saison 2: Chapitre 26","2/15/19"
"Belle maman","2/15/19"
"Des gens qui s'embrassent","2/15/19"
"House of Cards: Saison 2: Chapitre 25","2/12/19"
"House of Cards: Saison 2: Chapitre 24","2/12/19"
"Hinterland: Le Pont du diable","2/10/19"
"Altered Carbon: Saison 1: La griffe du passé","2/9/19"
"Hinterland: La fille des marais","2/8/19"
"Hinterland: Penwyllt","2/8/19"
"Designated Survivor: Saison 2: Des idiots","2/8/19"
"Spotlight","2/3/19"
"Michael Lost and Found","1/30/19"
" ","1/30/19"
"Fauteuils d'orchestre","1/29/19"
"La Délicatesse","1/28/19"
"Christiane Amanpour: Sex & Love Around the World: Beyrouth","1/27/19"
"Christiane Amanpour: Sex & Love Around the World: Delhi","1/27/19"
"Christiane Amanpour: Sex & Love Around the World: Tokyo","1/26/19"
"Dans la ligne de mire","1/25/19"
"Les acteurs","1/25/19"
" : Épisode 1","1/25/19"
"Titans: Saison 1: Dick Grayson","1/24/19"
"Titans: Saison 1: Koriand'r","1/24/19"
"Titans: Saison 1: Hank et Dawn","1/24/19"
"Titans: Saison 1: Donna Troy","1/22/19"
"Titans: Saison 1: L'asile","1/22/19"
"Titans: Saison 1: Jason Todd","1/21/19"
"Titans: Saison 1: Ensemble","1/21/19"
"Titans: Saison 1: La patrouille","1/21/19"
"Titans: Saison 1: Les origines","1/19/19"
"Titans: Saison 1: Le faucon et la colombe","1/19/19"
"Titans: Saison 1: Titans","1/19/19"
"You: Saison 1: Le château de Barbe bleue","1/18/19"
"You: Saison 1: Candace","1/18/19"
"You: Saison 1: Tout à toi","1/17/19"
"You: Saison 1: Toulation, nom féminin","1/15/19"
"You: Saison 1: L'amour fou","1/14/19"
"You: Saison 1: Vivre avec l'ennemi","1/14/19"
"HUMORISTES du monde: Canada francophone: Louis-José Houde","1/14/19"
"HUMORISTES du monde: France: Shirley Souagnon","1/14/19"
"Le parfum: L'envoûtement","1/13/19"
"Le parfum: Les notes de cœur","1/12/19"
"You: Saison 1: Le capitaine","1/12/19"
"Le parfum: La troisième substance","1/11/19"
"Hitler et le cercle du mal: Regroupement","1/8/19"
"Hitler et le cercle du mal: Héros et marginaux","1/8/19"
"The Final Year","1/8/19"
"L'art du rangement avec Marie Kondo: Fini le fouillis des tout-petits","1/8/19"
"Le parfum: La synthèse","1/6/19"
"Empire of the Tsars: La route vers la révolution","1/6/19"
"Black Mirror: Bandersnatch","1/6/19"
"Le parfum: Le scatol","1/5/19"
"Le parfum: L'ambre gris","1/5/19"
"Empire of the Tsars: L'ère des extrêmes","1/5/19"
"Empire of the Tsars: Réinventer la Russie","1/5/19"
"You: Saison 1: Peut-être","1/4/19"
"You: Saison 1: Le dernier chic type de New York","1/4/19"
"You: Saison 1: Pilote","1/4/19"
"Dix pour cent: Saison 3: ASK","1/3/19"
"Dix pour cent: Saison 3: Béatrice","1/3/19"
"Fugitiva: Épisode 1","12/31/18"
"The Protector: Saison 1: Épisode 1","12/27/18"
"Je ne suis pas un homme facile","12/27/18"
"Le hérisson","12/27/18"
"Dix pour cent: Saison 3: Isabelle","12/26/18"
"Dix pour cent: Saison 3: Gérard","12/25/18"
"Turf","12/25/18"
"Nos plus belles vacances","12/25/18"
"Dix pour cent: Saison 3: Monica","12/24/18"
"Dix pour cent: Saison 3: Jean","12/24/18"
"Mowgli : la légende de la jungle","12/23/18"
"ROMA","12/20/18"
"The Walk : Rêver plus haut","12/19/18"
"Drive","12/19/18"
"Enemy","12/19/18"
"Fugitiva: Épisode 10","12/18/18"
"Fugitiva: Épisode 9","12/18/18"
"Mr. Nobody","12/17/18"
"Captives","12/15/18"
"Fugitiva: Épisode 8","12/13/18"
"Fugitiva: Épisode 7","12/9/18"
"Fugitiva: Épisode 6","12/9/18"
"Fugitiva: Épisode 5","12/6/18"
"La Dame de fer","12/3/18"
"Fugitiva: Épisode 4","12/2/18"
"Fugitiva: Épisode 3","12/2/18"
"Fugitiva: Épisode 2","12/2/18"
"Enquêtes codées: Saison 2: L'offre et la demande (2e partie)","11/26/18"
"Enquêtes codées: Saison 2: L'offre et la demande (1re partie)","11/26/18"
"Enquêtes codées: Saison 2: Du sang sur les mains (2e partie)","11/25/18"
"Enquêtes codées: Saison 2: Du sang sur les mains (1re partie)","11/25/18"
"Enquêtes codées: Enquêtes codées (3e partie)","11/25/18"
"The Untold Tales of Armistead Maupin","11/25/18"
"Enquêtes codées: Enquêtes codées (2e partie)","11/21/18"
"Enquêtes codées: Enquêtes codées (1re partie)","11/20/18"
"Outlaw King : Le roi hors-la-loi","11/18/18"
"L'ancien combat: L'enterrement","11/14/18"
"Crossing Lines: Justice sans limite","11/10/18"
"Crossing Lines: Crimes sans frontières","11/10/18"
"Secret City: La lumière sur la colline","11/8/18"
"Secret City: Onde de choc","11/7/18"
"Secret City: Tomber de haut","11/6/18"
"Wanderlust: Épisode 2","11/4/18"
"Les mauvais esprits","11/1/18"
"Designated Survivor: Saison 2: Un exercice d'équilibre","11/1/18"
"Jefe","11/1/18"
"The Invitation","10/31/18"
"Sherlock: Saison 3: L'effroyable mariée","10/30/18"
"Sherlock: Saison 3: Son dernier coup d'éclat","10/30/18"
"The House of Cards Trilogy (BBC): House of Cards: Épisode 4","10/29/18"
"The House of Cards Trilogy (BBC): House of Cards: Épisode 3","10/29/18"
"The House of Cards Trilogy (BBC): House of Cards: Épisode 2","10/28/18"
"La fortune cachée de Poutine","10/28/18"
"Sherlock: Saison 3: Le signe des Trois","10/28/18"
"Sherlock: Saison 3: Le cercueil vide","10/28/18"
"Sherlock: Saison 2: La chute du Reichenbach","10/28/18"
"Sherlock: Saison 2: Les chiens de Baskerville","10/28/18"
"Bodyguard: Épisode 6","10/27/18"
"Bodyguard: Épisode 5","10/27/18"
"Bodyguard: Épisode 4","10/26/18"
"Bodyguard: Épisode 3","10/26/18"
"Bodyguard: Épisode 2","10/26/18"
"The House of Cards Trilogy (BBC): House of Cards: Épisode 1","10/25/18"
"The World's Most Extraordinary Homes: Saison 2 Partie A: Portugal","10/25/18"
"The World's Most Extraordinary Homes: Saison 2 Partie A: États-Unis","10/25/18"
"Bodyguard: Épisode 1","10/24/18"
"Black Mirror: Saison 3: Haine virtuelle","10/24/18"
"Anne Roumanoff - Aimons-nous les uns les autres","10/23/18"
"L'invité","10/23/18"
"Wanderlust: Épisode 1","10/22/18"
"Maniac: Mini-série: Les moulins à vent","10/22/18"
"Black Mirror: Saison 3: Tuer sans état d’âme","10/21/18"
"Gaspard Proust tapine","10/21/18"
"Alex Lutz, le spectacle","10/21/18"
"Black Mirror: Saison 3: San Junipero","10/20/18"
"Maniac: Mini-série: L'élu !","10/19/18"
"Operation Finale","10/16/18"
"Black Mirror: Saison 3: Tais-toi et danse","10/15/18"
"Black Mirror: Saison 3: Playtest","10/15/18"
"Blanche Gardin : Je parle toute seule","10/13/18"
"Love","10/13/18"
"Élite: Saison 1: Assilah","10/12/18"
"Élite: Saison 1: Quand tout explose","10/12/18"
"Élite: Saison 1: Tout ira bien","10/12/18"
"En bref: Saison 1: !","10/12/18"
"Élite: Saison 1: Mensonges","10/11/18"
"Élite: Saison 1: L'amour est une drogue","10/11/18"
"Élite: Saison 1: Samedi soir","10/8/18"
"Élite: Saison 1: Désir","10/8/18"
"Élite: Saison 1: Bienvenue","10/7/18"
"La somme de toutes les peurs","10/7/18"
"The Saint","10/6/18"
"American Horror Story: L'hôtel: Les fantômes de l'hôtel","10/4/18"
"L'inconnu du lac","10/4/18"
"Aucun homme ni dieu","10/3/18"
"Le Parrain 3","9/30/18"
"American Horror Story: L'hôtel: Battle Royale","9/29/18"
"American Horror Story: L'hôtel: Vengeance !","9/29/18"
"American Horror Story: L'hôtel: Le mariage","9/29/18"
"American Horror Story: L'hôtel: Le tueur aux Dix Commandements","9/29/18"
"American Horror Story: L'hôtel: Mise en scène","9/28/18"
"American Horror Story: L'hôtel: Chambre 33","9/28/18"
"Le Parrain 2","9/27/18"
"American Horror Story: L'hôtel: Service d'étage","9/27/18"
"Le Parrain","9/24/18"
"American Horror Story: L'hôtel: La nuit du diable","9/24/18"
"Les blessures de la médecine","9/23/18"
"En bref: Saison 1: La vie extraterrestre","9/23/18"
"American Horror Story: L'hôtel: Maman chérie","9/23/18"
"American Horror Story: L'hôtel: Défilé de mode","9/21/18"
"American Horror Story: Le cirque: Épilogue","9/21/18"
"American Horror Story: Le cirque: Coupée en deux","9/20/18"
"En bref: Saison 1: La crise mondiale de l'eau","9/18/18"
"Murder: Saison 4: En mémoire de Wes","9/17/18"
"Murder: Saison 4: Les dernières heures","9/17/18"
"Murder: Saison 4: Bataille suprême","9/17/18"
"American Horror Story: Le cirque: Chester, le ventriloque","9/17/18"
"American Horror Story: Le cirque: Les orphelins","9/17/18"
"American Horror Story: Le cirque: Vente sanglante","9/17/18"
"American Horror Story: Le cirque: Bain de sang","9/17/18"
"Murder: Saison 4: Stella","9/16/18"
"Murder: Saison 4: Mauvaise mère","9/16/18"
"Murder: Saison 4: L'impasse","9/16/18"
"Murder: Saison 4: Sous tutelle","9/16/18"
"American Horror Story: Le cirque: Force brute","9/16/18"
"American Horror Story: Le cirque: La cible","9/16/18"
"Murder: Saison 4: Respire !","9/15/18"
"Murder: Saison 4: Personne ne soutient Goliath","9/15/18"
"Murder: Saison 4: À bout de forces","9/15/18"
"Inside the World’s Toughest Prisons: Saison 1: Honduras","9/15/18"
"The Innocents: Prêt à tout","9/14/18"
"The Innocents: Veux-tu aussi de moi ?","9/14/18"
"The Innocents: D'autres comme toi","9/10/18"
"Murder: Saison 4: Je l'aime encore","9/8/18"
"Murder: Saison 4: Cavaliers seuls","9/8/18"
"The Innocents: Amateur passionné","9/7/18"
"The Innocents: Deborah","9/7/18"
"Murder: Saison 4: Pour le bien de tous","9/6/18"
"Murder: Saison 4: L'épreuve de la meute","9/6/18"
"The Innocents: Chewing-gum et Javel","9/5/18"
"The Innocents: Reste calme, il ne t'arrivera rien","9/5/18"
"The Innocents: Le début de nous deux","9/5/18"
"Murder: Saison 4: À chacun son chemin","9/4/18"
"Murder: Saison 3: In memoriam","9/3/18"
"Murder: Saison 3: L'erreur est humaine","9/3/18"
"Murder: Saison 3: Bras de fer","9/3/18"
"Entre les murs","9/3/18"
"Dark: Saison 1: Alpha et oméga","9/2/18"
"Dark: Saison 1: Tout est maintenant","9/2/18"
"Dark: Saison 1: On récolte ce que l'on sème","9/2/18"
"Dark: Saison 1: Carrefour","9/1/18"
"Dark: Saison 1: Sic mundus creatus est","9/1/18"
"Dark: Saison 1: Vérités","9/1/18"
"Les lois de la thermodynamique","9/1/18"
"Dark: Saison 1: Doubles vies","9/1/18"
"Mala Mala","9/1/18"
"Dark: Saison 1: Passé et présent","8/31/18"
"Dark: Saison 1: Mensonges","8/31/18"
"Dark: Saison 1: Secrets","8/31/18"
"Good Girls: Remix","8/31/18"
"En bref: Saison 1: Les tatouages","8/31/18"
"En bref: Saison 1: L'astrologie","8/31/18"
"En bref: Saison 1: Vers une vie éternelle ?","8/31/18"
"En bref: Saison 1: Le politiquement correct","8/31/18"
"El Autor","8/31/18"
"8 femmes","8/31/18"
"Other People","8/30/18"
"Étranges maladies: Chapitre 3 : Identité","8/30/18"
"Étranges maladies: Chapitre 2 : Soutien","8/30/18"
"Étranges maladies: Chapitre 1 : Un monde toxique","8/30/18"
"Loev","8/29/18"
"Black Mirror: Saison 4: Black Museum","8/19/18"
"Black Mirror: Saison 4: Metalhead","8/19/18"
"Un illustre inconnu","8/18/18"
"Beautés intérieures: Un luxueux duplex. Le paradis des chats. Le temple du hockey.","8/18/18"
"Beautés intérieures: La maison du cirque. Un container recyclé. Le musée de la science-fiction.","8/18/18"
"Beautés intérieures: Le musée de l'horreur. Un univers historique. Le dojo de l'auto.","8/18/18"
"Black Mirror: Saison 4: Hang the DJ","8/16/18"
"Black Mirror: Saison 4: Crocodile","8/15/18"
"Beautés intérieures: Le club des Chicago Cubs. La maison aquarium. Le bateau de l'amour.","8/4/18"
"Fenêtre secrète","8/1/18"
"Boy Missing","7/30/18"
"Chocolate City : Vegas Strip","7/30/18"
"Paranoid: Épisode 8","7/29/18"
"Paranoid: Épisode 7","7/29/18"
"Paranoid: Épisode 6","7/29/18"
"Paranoid: Épisode 5","7/28/18"
"Paranoid: Épisode 4","7/26/18"
"Paranoid: Épisode 3","7/25/18"
"99 Homes","7/25/18"
"Good Girls: L'été des requins","7/25/18"
"Secrets of Great British Castles: Le château de Douvres","7/18/18"
"10 jours en or","7/18/18"
"Michael Jackson's This Is It","7/18/18"
"Brain on Fire","7/17/18"
"Good Girls: Fermeture technique","7/10/18"
"La part obscure","7/9/18"
"Iris","7/7/18"
"Good Girls: Sauce spéciale","7/7/18"
"Good Girls: Le caméléon","7/7/18"
"Good Girls: Shopping","7/6/18"
"Good Girls: Bombe atomique","7/6/18"
"Good Girls: Borderline","7/5/18"
"Good Girls: Problèmes d'argent","7/5/18"
"Good Girls: La fin justifie les moyens","7/5/18"
"Big Dreams, Small Spaces: Saison 2: Clapham/Hereford","7/4/18"
"3 %: Saison 1: Chapitre 01 : Cubes","7/4/18"
"Big Dreams, Small Spaces: Saison 2: Hitchin/Worthing","7/4/18"
"Tallulah","7/3/18"
"Black Mirror: Saison 4: Arkange","7/2/18"
"Black Mirror: Saison 4: USS Callister","7/1/18"
"Les bums de plage","6/30/18"
"The Artist","6/24/18"
"Great Interior Design Challenge: Saison 3: Scottish Castle","6/24/18"
"Great Interior Design Challenge: Saison 3: Weatherboard Cottages","6/24/18"
"Great Interior Design Challenge: Saison 3: Converted Leisure Centre","6/24/18"
"Big Dreams, Small Spaces: Saison 2: Barnet/Salisbury","6/23/18"
"Queer Eye: Saison 2: Proposition décente","6/23/18"
"Queer Eye: Saison 2: Que Dieu bénisse Gay","6/23/18"
"Alex Strangelove","6/23/18"
"Unsolved: Tupac & Biggie: Suivre toutes les pistes","6/21/18"
"13 Reasons Why: Saison 2: Deuxième polaroid","6/17/18"
"13 Reasons Why: Saison 2: Juste une s*** ivre","6/17/18"
"Sense8: Saison 2: Amor vincit omnia","6/10/18"
"The Undateables: Saison 2: Kate, Damian and Oliver","6/5/18"
"En bref: Saison 1: Les inégalités de richesses entre les Noirs et les Blancs","5/27/18"
"En bref: Saison 1: L'ADN sur mesure","5/27/18"
"Naomi and Ely's No Kiss List","5/27/18"
"Dear White People: Volume 1: Chapitre I","5/27/18"
"13 Reasons Why: Saison 2: Deux filles qui s'embrassent","5/26/18"
"13 Reasons Why: Saison 2: Premier polaroid","5/25/18"
"7 años","5/21/18"
"Suits : avocats sur mesure: Saison 1: Le moteur de la réussite","5/21/18"
"Suits : avocats sur mesure: Saison 1: Tous les coups sont permis","5/21/18"
"Suits : avocats sur mesure: Saison 1: Pilote Parties 1 et 2","5/20/18"
"Le Messager","5/20/18"
"El bar","5/20/18"
"Beur sur la ville","5/17/18"
"The Undateables: Saison 2: Kate, Damian and Oliver","5/14/18"
"Les génies du mal: Mini-série: Partie 4 : Les confessions","5/14/18"
"Les génies du mal: Mini-série: Partie 3 : Les suspects","5/14/18"
"Les génies du mal: Mini-série: Partie 2 : Le corps congelé","5/14/18"
"Les génies du mal: Mini-série: Partie 1 : Le braquage","5/13/18"
"The Undateables: Saison 2: Michael, Brent and Sarah","5/13/18"
"The Undateables: Sam, Hadyn and Kali-Joy","5/13/18"
"The Undateables: Shaine, Justin and Carolyne","5/12/18"
"Cookie","5/12/18"
"Baisers cachés","5/11/18"
" ","5/10/18"
"Abstract : L'art du design: Saison 1: Christoph Niemann : Illustration","5/10/18"
"4th Man Out","5/10/18"
"Grantchester: Rien d'une opérette","5/10/18"
"Grantchester: Les ombres de la guerre","5/9/18"
"King Cobra","5/8/18"
"Pickpockets","5/5/18"
"Monty Python : La Vie de Brian","5/5/18"
"Bobby Kennedy for President: Chapitres 1 à 4: Une nouvelle génération","5/3/18"
"Grantchester: Le Coeur a ses raisons","5/2/18"
"Grantchester: La mort en face","5/2/18"
"Grantchester: Macabres fiançailles","5/1/18"
"Grantchester: La lettre d'adieu","5/1/18"
"Handsome Devil","5/1/18"
"L'accusé","4/30/18"
"Avicii: True Stories","4/30/18"
"Designated Survivor: Saison 2: Épidémie","4/27/18"
"Designated Survivor: Saison 2: In cauda venenum","4/27/18"
"Please Like Me: Saison 4: Souvlaki","4/27/18"
"Designated Survivor: Saison 2: L'anniversaire","4/26/18"
"Le train d'Hitler : bête d'acier","4/25/18"
"Designated Survivor: Saison 1: Impact imminent","4/25/18"
"Designated Survivor: Saison 1: La mésalliance","4/25/18"
"Designated Survivor: Saison 1: Les cent premiers jours","4/25/18"
"Please Like Me: Saison 4: Salade mexicaine","4/25/18"
"Please Like Me: Saison 4: Menu dégustation","4/20/18"
"Please Like Me: Saison 4: Caviar Beluga","4/20/18"
"Please Like Me: Saison 4: Porridge","4/20/18"
"Please Like Me: Saison 4: Baba ganousch","4/20/18"
"Please Like Me: Saison 3: Trifle de Noël","4/20/18"
"Please Like Me: Saison 3: Champagne","4/20/18"
"Please Like Me: Saison 3: Amoxicilline","4/19/18"
"Please Like Me: Saison 3: Pizza à la pâte feuilletée","4/18/18"
"Effets secondaires","4/14/18"
"Please Like Me: Saison 3: Pancakes","4/14/18"
"Please Like Me: Saison 3: Coq au vin","4/14/18"
"Please Like Me: Saison 3: Bouteille d'eau","4/13/18"
"Please Like Me: Saison 3: Pièce montée","4/12/18"
"Please Like Me: Saison 3: Gluten","4/11/18"
"Please Like Me: Saison 3: Aubergine","4/11/18"
"Please Like Me: Saison 2: Margherita","4/11/18"
"Please Like Me: Saison 2: Petit café","4/11/18"
"Please Like Me: Saison 2: Macaronis à la truffe","4/11/18"
"Please Like Me: Saison 2: Munchies","4/11/18"
"Please Like Me: Saison 2: Lapin à la cocotte","4/10/18"
"Please Like Me: Saison 2: Saucisse purée","4/10/18"
"Please Like Me: Saison 2: Gang Keow Wan","4/10/18"
"Please Like Me: Saison 2: Parmigiana","4/10/18"
"Please Like Me: Saison 2: Jambon","4/10/18"
"Please Like Me: Saison 2: Lait","4/10/18"
"Please Like Me: Sandwichs ratés","4/10/18"
"Please Like Me: Œufs à l'espagnole","4/9/18"
"Please Like Me: Buffet à volonté","4/9/18"
"Please Like Me: Tartelettes portugaises","4/6/18"
"Please Like Me: Pain perdu","4/6/18"
"Please Like Me: Rhubarbe et crème anglaise","4/6/18"
"Queer Eye: Saison 1: Que la fête commence !","3/31/18"
"Queer Eye: Saison 1: Il faut sauver le yéti","3/31/18"
"Queer Eye: Saison 1: Trop moche pour plaire","3/31/18"
"Eastsiders: Saison 3: À l'est du paradis","3/30/18"
"Eastsiders: Saison 3: Ce quelque chose d'Idaho en nous","3/30/18"
"Eastsiders: Saison 3: Les chats","3/30/18"
"Eastsiders: Saison 3: Adieu à tout ce bordel","3/28/18"
"Eastsiders: Saison 3: Priscilla","3/28/18"
"Eastsiders: Saison 2: Un autre dimanche","3/28/18"
"Eastsiders: Saison 2: Open Bar","3/28/18"
"Eastsiders: Saison 2: Épais comme une lotion","3/27/18"
"Eastsiders: Saison 2: Thérapie sexuelle","3/27/18"
"Eastsiders: Saison 2: Sodome (et Gomorrhe)","3/27/18"
"Eastsiders: Saison 2: Plus bizarre que d'habitude","3/27/18"
"Eastsiders: Saison 1: Épisode 9","3/26/18"
"Eastsiders: Saison 1: Épisode 8","3/26/18"
"Eastsiders: Saison 1: Épisode 7","3/26/18"
"Eastsiders: Saison 1: Épisode 6","3/26/18"
"Eastsiders: Saison 1: Épisode 5","3/26/18"
"Eastsiders: Saison 1: Épisode 4","3/26/18"
"Eastsiders: Saison 1: Épisode 3","3/26/18"
"Eastsiders: Saison 1: Épisode 2","3/26/18"
"Oriented","3/26/18"
"Layer Cake","3/25/18"
"Snatch","3/25/18"
"Le Dernier pub avant la fin du monde","3/24/18"
"The Precipice Game","3/24/18"
"Jessie","3/24/18"
"Black Mirror: Saison 3: Chute libre","3/20/18"
"L'Interprète","3/19/18"
"The World's Most Extraordinary Homes: Forêts","3/17/18"
"The World's Most Extraordinary Homes: Rivages","3/17/18"
"The World's Most Extraordinary Homes: Montagnes","3/17/18"
"Dix pour cent: Saison 2: Juliette","3/14/18"
"Dix pour cent: Saison 2: Guy","3/13/18"
"Dix pour cent: Saison 2: Isabelle","3/13/18"
"Dix pour cent: Saison 2: Norman","3/12/18"
"Dix pour cent: Saison 2: Fabrice Luchini","3/12/18"
"Dix pour cent: Saison 2: Virginie et Ramzy","3/12/18"
"Dix pour cent: Saison 1: François","3/11/18"
"Dix pour cent: Saison 1: Julie et Joey","3/11/18"
"Dix pour cent: Saison 1: Audrey","3/11/18"
"Dix pour cent: Saison 1: Nathalie et Laura","3/11/18"
"Dix pour cent: Saison 1: Line et Françoise","3/11/18"
"Dix pour cent: Saison 1: Cécile","3/10/18"
"House of Cards: Saison 2: Chapitre 23","3/5/18"
"House of Cards: Saison 2: Chapitre 22","3/5/18"
"The Crown: Saison 2: L'homme mystère","3/3/18"
"The Crown: Saison 2: Pater familias","3/2/18"
"House of Cards: Saison 2: Chapitre 21","2/25/18"
"House of Cards: Saison 2: Chapitre 20","2/25/18"
"Seven Seconds: Mini-série: Pilote","2/24/18"
"The Crown: Saison 2: Chère Madame Kennedy","2/8/18"
"The Crown: Saison 2: Matrimonium","2/5/18"
"River: Finale : Épisode 6","2/4/18"
"River: Épisode 5","2/4/18"
"River: Épisode 4","2/3/18"
"River: Épisode 3","2/3/18"
"River: Épisode 2","2/3/18"
"River: Épisode 1","2/3/18"
"Chroniques sexuelles d'une famille d'aujourd'hui","2/1/18"
"The Crown: Saison 2: Vergangenheit","1/30/18"
"The Crown: Saison 2: Marionnettes","1/30/18"
"The Crown: Saison 2: Beryl","1/29/18"
"Sense8 : la création du monde","1/28/18"
"Sense8: Saison 2: Tu veux la guerre ?","1/28/18"
"Sense8: Saison 2: Si le monde est une scène, alors l'identité n'est rien de plus qu'un costume","1/28/18"
"Sense8: Saison 2: Ce qu'était vraiment la famille","1/28/18"
"Sense8: Saison 2: Tout ce que je veux, c'est une balle de plus","1/27/18"
"Sense8: Saison 2: Il n'y a aucune place dans mon cœur pour la haine","1/27/18"
"Sense8: Saison 2: Isolés en surface, mais connectés en dessous","1/27/18"
"Sense8: Saison 2: La peur ne résout rien","1/27/18"
"Sense8: Saison 2: Polyphonie","1/27/18"
"Sense8: Saison 2: Vivre en symbiose","1/26/18"
"Black Mirror: Saison 2: Blanc comme neige","1/24/18"
"Black Mirror: Saison 2: Le Show de Waldo","1/23/18"
"Black Mirror: Saison 2: La chasse","1/23/18"
"Black Mirror: Saison 2: Bientôt de retour","1/22/18"
"Black Mirror: Saison 1: 15 millions de mérites","1/20/18"
"Black Mirror: Saison 1: Retour sur image","1/19/18"
"The Crown: Saison 2: Lisbonne","1/18/18"
"Luther: Saison 4: Le mouchard et la chouette","1/18/18"
"Luther: Saison 3: Furie meurtrière","1/17/18"
"Luther: Saison 3: La loi du talion","1/17/18"
"Luther: Saison 3: L'héritage d'un prédateur","1/16/18"
